Simbol,Data,Open,Close,High,Low,Volume,Evolutie_%
AML.L,2024-04-02,170.0,161.8000030517578,172.39999389648438,161.5,1918251,-4.823527616613052
AML.L,2024-04-02,170.0,161.8000030517578,172.39999389648438,161.5,1918251,-4.823527616613052
AML.L,2024-04-03,158.89999389648438,161.8000030517578,164.8000030517578,154.5,1849226,1.8250530312560318
AML.L,2024-04-03,158.89999389648438,161.8000030517578,164.8000030517578,154.5,1849226,1.8250530312560318
AML.L,2024-04-04,162.8000030517578,167.5,169.3000030517578,161.8000030517578,1159964,2.886975958316138
AML.L,2024-04-04,162.8000030517578,167.5,169.3000030517578,161.8000030517578,1159964,2.886975958316138
AML.L,2024-04-05,164.0,159.6999969482422,167.10000610351562,159.6999969482422,1138956,-2.6219530803401296
AML.L,2024-04-05,164.0,159.6999969482422,167.10000610351562,159.6999969482422,1138956,-2.6219530803401296
AML.L,2024-04-08,160.6999969482422,167.3000030517578,169.3000030517578,158.0,1350624,4.10703561222925
AML.L,2024-04-08,160.6999969482422,167.3000030517578,169.3000030517578,158.0,1350624,4.10703561222925
AML.L,2024-04-09,165.0,167.3000030517578,172.8000030517578,165.0,1428651,1.3939412434895833
AML.L,2024-04-09,165.0,167.3000030517578,172.8000030517578,165.0,1428651,1.3939412434895833
AML.L,2024-04-10,169.3000030517578,164.39999389648438,172.8000030517578,162.6999969482422,1275164,-2.8942758812446234
AML.L,2024-04-10,169.3000030517578,164.39999389648438,172.8000030517578,162.6999969482422,1275164,-2.8942758812446234
AML.L,2024-04-11,163.0,159.8000030517578,165.0,159.3000030517578,1532556,-1.9631883118050228
AML.L,2024-04-11,163.0,159.8000030517578,165.0,159.3000030517578,1532556,-1.9631883118050228
AML.L,2024-04-12,161.39999389648438,158.3000030517578,164.39999389648438,157.3000030517578,2461093,-1.9206883283494889
AML.L,2024-04-12,161.39999389648438,158.3000030517578,164.39999389648438,157.3000030517578,2461093,-1.9206883283494889
AML.L,2024-04-15,156.6999969482422,157.89999389648438,163.89999389648438,156.3939971923828,1455429,0.7657925792037794
AML.L,2024-04-15,156.6999969482422,157.89999389648438,163.89999389648438,156.3939971923828,1455429,0.7657925792037794
AML.L,2024-04-16,155.60000610351562,154.89999389648438,158.5,150.5,2025623,-0.44987929278457395
AML.L,2024-04-16,155.60000610351562,154.89999389648438,158.5,150.5,2025623,-0.44987929278457395
AML.L,2024-04-17,150.5,151.0,156.8000030517578,150.5,989592,0.33222591362126247
AML.L,2024-04-17,150.5,151.0,156.8000030517578,150.5,989592,0.33222591362126247
AML.L,2024-04-18,152.39999389648438,151.0,154.60000610351562,149.5,2264513,-0.9186312024627126
AML.L,2024-04-18,152.39999389648438,151.0,154.60000610351562,149.5,2264513,-0.9186312024627126
AML.L,2024-04-19,148.8000030517578,151.89999389648438,152.39999389648438,147.5,762238,2.0833271378685914
AML.L,2024-04-19,148.8000030517578,151.89999389648438,152.39999389648438,147.5,762238,2.0833271378685914
AML.L,2024-04-22,154.8000030517578,155.0,157.1999969482422,150.1999969482422,914077,0.12919699244147814
AML.L,2024-04-22,154.8000030517578,155.0,157.1999969482422,150.1999969482422,914077,0.12919699244147814
AML.L,2024-04-23,155.10000610351562,157.0,157.8000030517578,153.60000610351562,793186,1.2250121352131322
AML.L,2024-04-23,155.10000610351562,157.0,157.8000030517578,153.60000610351562,793186,1.2250121352131322
AML.L,2024-04-24,158.5,154.1999969482422,160.0,151.1999969482422,1716924,-2.7129356793424684
AML.L,2024-04-24,158.5,154.1999969482422,160.0,151.1999969482422,1716924,-2.7129356793424684
AML.L,2024-04-25,152.5,151.1999969482422,159.6999969482422,149.60000610351562,975827,-0.8524610175461066
AML.L,2024-04-25,152.5,151.1999969482422,159.6999969482422,149.60000610351562,975827,-0.8524610175461066
AML.L,2024-04-26,155.0,151.89999389648438,162.3000030517578,151.39999389648438,1838349,-2.000003937752016
AML.L,2024-04-26,155.0,151.89999389648438,162.3000030517578,151.39999389648438,1838349,-2.000003937752016
AML.L,2024-04-29,155.0,156.0,158.8000030517578,153.0,938387,0.6451612903225806
AML.L,2024-04-29,155.0,156.0,158.8000030517578,153.0,938387,0.6451612903225806
AML.L,2024-04-30,157.39999389648438,148.1999969482422,157.77099609375,148.1999969482422,2445842,-5.844979228075863
AML.L,2024-04-30,157.39999389648438,148.1999969482422,157.77099609375,148.1999969482422,2445842,-5.844979228075863
AML.L,2024-05-01,128.0,138.1999969482422,139.1999969482422,138.1999969482422,1314355,7.968747615814209
AML.L,2024-05-01,128.0,138.1999969482422,139.1999969482422,138.1999969482422,1314355,7.968747615814209
AML.L,2024-05-02,141.5,133.1999969482422,143.6999969482422,134.0,3215882,-5.865726538344744
AML.L,2024-05-02,141.5,133.1999969482422,143.6999969482422,134.0,3215882,-5.865726538344744
AML.L,2024-05-03,133.0,138.89999389648438,153.0,132.39999389648438,2235068,4.436085636454417
AML.L,2024-05-03,133.0,138.89999389648438,153.0,132.39999389648438,2235068,4.436085636454417
AML.L,2024-05-07,140.6999969482422,136.60000610351562,143.3000030517578,136.60000610351562,1612234,-2.913994977721842
AML.L,2024-05-07,140.6999969482422,136.60000610351562,143.3000030517578,136.60000610351562,1612234,-2.913994977721842
AML.L,2024-05-08,135.3000030517578,136.10000610351562,138.60000610351562,133.5,1688936,0.5912808822715092
AML.L,2024-05-08,135.3000030517578,136.10000610351562,138.60000610351562,133.5,1688936,0.5912808822715092
AML.L,2024-05-09,137.39999389648438,136.0,139.0,134.2010040283203,749755,-1.018918456094776
AML.L,2024-05-09,137.39999389648438,136.0,139.0,134.2010040283203,749755,-1.018918456094776
AML.L,2024-05-10,136.0,137.60000610351562,138.10000610351562,133.60000610351562,1173942,1.17647507611443
AML.L,2024-05-10,136.0,137.60000610351562,138.10000610351562,133.60000610351562,1173942,1.17647507611443
AML.L,2024-05-13,139.0,141.10000610351562,142.6999969482422,135.61500549316406,1212430,1.51079575792491
AML.L,2024-05-13,139.0,141.10000610351562,142.6999969482422,135.61500549316406,1212430,1.51079575792491
AML.L,2024-05-14,141.3000030517578,144.10000610351562,146.19500732421875,140.10000610351562,1603029,1.9816015508026414
AML.L,2024-05-14,141.3000030517578,144.10000610351562,146.19500732421875,140.10000610351562,1603029,1.9816015508026414
AML.L,2024-05-15,144.5,144.3000030517578,147.5,140.39999389648438,1305254,-0.13840619255514705
AML.L,2024-05-15,144.5,144.3000030517578,147.5,140.39999389648438,1305254,-0.13840619255514705
AML.L,2024-05-16,146.60000610351562,142.60000610351562,147.8000030517578,138.8000030517578,1186835,-2.7285128468381936
AML.L,2024-05-16,146.60000610351562,142.60000610351562,147.8000030517578,138.8000030517578,1186835,-2.7285128468381936
AML.L,2024-05-17,141.6999969482422,141.1999969482422,145.6999969482422,138.60000610351562,966586,-0.3528581586227074
AML.L,2024-05-17,141.6999969482422,141.1999969482422,145.6999969482422,138.60000610351562,966586,-0.3528581586227074
AML.L,2024-05-20,143.60000610351562,140.3000030517578,150.6999969482422,140.0,1247462,-2.2980521667798324
AML.L,2024-05-20,143.60000610351562,140.3000030517578,150.6999969482422,140.0,1247462,-2.2980521667798324
AML.L,2024-05-21,139.3000030517578,136.8000030517578,140.64300537109375,135.5,1295065,-1.7946876850182905
AML.L,2024-05-21,139.3000030517578,136.8000030517578,140.64300537109375,135.5,1295065,-1.7946876850182905
AML.L,2024-05-22,135.8000030517578,136.1999969482422,138.5,130.0,2419613,0.29454630890687405
AML.L,2024-05-22,135.8000030517578,136.1999969482422,138.5,130.0,2419613,0.29454630890687405
AML.L,2024-05-23,136.0,135.89999389648438,137.6999969482422,135.10000610351562,726789,-0.07353389964384191
AML.L,2024-05-23,136.0,135.89999389648438,137.6999969482422,135.10000610351562,726789,-0.07353389964384191
AML.L,2024-05-24,133.3000030517578,135.0,136.0,131.10000610351562,2463472,1.2753165111197422
AML.L,2024-05-24,133.3000030517578,135.0,136.0,131.10000610351562,2463472,1.2753165111197422
AML.L,2024-05-28,135.89999389648438,134.89999389648438,138.39999389648438,134.10000610351562,1346956,-0.7358352059689601
AML.L,2024-05-28,135.89999389648438,134.89999389648438,138.39999389648438,134.10000610351562,1346956,-0.7358352059689601
AML.L,2024-05-29,134.5,132.60000610351562,136.10000610351562,125.0,2473400,-1.4126348672746283
AML.L,2024-05-29,134.5,132.60000610351562,136.10000610351562,125.0,2473400,-1.4126348672746283
AML.L,2024-05-30,127.0999984741211,138.60000610351562,139.39999389648438,126.80000305175781,1638336,9.047999817038594
AML.L,2024-05-30,127.0999984741211,138.60000610351562,139.39999389648438,126.80000305175781,1638336,9.047999817038594
AML.L,2024-05-31,139.5,145.1999969482422,158.0,137.6999969482422,4135302,4.086019317736335
AML.L,2024-05-31,139.5,145.1999969482422,158.0,137.6999969482422,4135302,4.086019317736335
AML.L,2024-06-03,147.1999969482422,148.8000030517578,154.6999969482422,146.10000610351562,2394095,1.0869606906841256
AML.L,2024-06-03,147.1999969482422,148.8000030517578,154.6999969482422,146.10000610351562,2394095,1.0869606906841256
AML.L,2024-06-04,148.5,146.6999969482422,150.1999969482422,146.6999969482422,1294261,-1.2121232671769782
AML.L,2024-06-04,148.5,146.6999969482422,150.1999969482422,146.6999969482422,1294261,-1.2121232671769782
AML.L,2024-06-05,148.39999389648438,157.0,158.6999969482422,147.3000030517578,3192519,5.7951525992073245
AML.L,2024-06-05,148.39999389648438,157.0,158.6999969482422,147.3000030517578,3192519,5.7951525992073245
AML.L,2024-06-06,157.8000030517578,162.89999389648438,167.89999389648438,155.8000030517578,6000712,3.2319332991735013
AML.L,2024-06-06,157.8000030517578,162.89999389648438,167.89999389648438,155.8000030517578,6000712,3.2319332991735013
AML.L,2024-06-07,164.1999969482422,164.0,166.60000610351562,157.60000610351562,2153145,-0.12180082336129942
AML.L,2024-06-07,164.1999969482422,164.0,166.60000610351562,157.60000610351562,2153145,-0.12180082336129942
AML.L,2024-06-10,163.1999969482422,156.3000030517578,165.10000610351562,156.3000030517578,1564698,-4.227937515631611
AML.L,2024-06-10,163.1999969482422,156.3000030517578,165.10000610351562,156.3000030517578,1564698,-4.227937515631611
AML.L,2024-06-11,157.8000030517578,152.6999969482422,162.10000610351562,150.0,1424526,-3.231942968874875
AML.L,2024-06-11,157.8000030517578,152.6999969482422,162.10000610351562,150.0,1424526,-3.231942968874875
AML.L,2024-06-12,154.5,151.8000030517578,182.0,149.3000030517578,1325406,-1.7475708402862056
AML.L,2024-06-12,154.5,151.8000030517578,182.0,149.3000030517578,1325406,-1.7475708402862056
AML.L,2024-06-13,151.1999969482422,150.0,152.21400451660156,147.0,1318686,-0.7936487913111288
AML.L,2024-06-13,151.1999969482422,150.0,152.21400451660156,147.0,1318686,-0.7936487913111288
AML.L,2024-06-14,146.8000030517578,146.5,152.10000610351562,143.39999389648438,1321720,-0.20436174763023632
AML.L,2024-06-14,146.8000030517578,146.5,152.10000610351562,143.39999389648438,1321720,-0.20436174763023632
AML.L,2024-06-17,145.39999389648438,141.3000030517578,147.125,137.5,2625206,-2.8198012495416593
AML.L,2024-06-17,145.39999389648438,141.3000030517578,147.125,137.5,2625206,-2.8198012495416593
AML.L,2024-06-18,142.60000610351562,144.60000610351562,146.8000030517578,140.10000610351562,1694944,1.4025244841491578
AML.L,2024-06-18,142.60000610351562,144.60000610351562,146.8000030517578,140.10000610351562,1694944,1.4025244841491578
AML.L,2024-06-19,143.6999969482422,143.39999389648438,145.5,142.10000610351562,1225288,-0.20877039535767525
AML.L,2024-06-19,143.6999969482422,143.39999389648438,145.5,142.10000610351562,1225288,-0.20877039535767525
AML.L,2024-06-20,143.39999389648438,152.39999389648438,154.39999389648438,141.5,2142100,6.276150894746061
AML.L,2024-06-20,143.39999389648438,152.39999389648438,154.39999389648438,141.5,2142100,6.276150894746061
AML.L,2024-06-21,153.39999389648438,151.1999969482422,156.0,143.60000610351562,8453566,-1.4341571289284172
AML.L,2024-06-21,153.39999389648438,151.1999969482422,156.0,143.60000610351562,8453566,-1.4341571289284172
AML.L,2024-06-24,150.3000030517578,154.0,157.39999389648438,148.5,1818406,2.4617410998774525
AML.L,2024-06-24,150.3000030517578,154.0,157.39999389648438,148.5,1818406,2.4617410998774525
AML.L,2024-06-25,154.0,154.8000030517578,155.60000610351562,135.10000610351562,1201474,0.5194825011414367
AML.L,2024-06-25,154.0,154.8000030517578,155.60000610351562,135.10000610351562,1201474,0.5194825011414367
AML.L,2024-06-26,158.0,150.6999969482422,158.89999389648438,135.0,1971113,-4.620255096049249
AML.L,2024-06-26,158.0,150.6999969482422,158.89999389648438,135.0,1971113,-4.620255096049249
AML.L,2024-06-27,150.8000030517578,142.0,153.10000610351562,139.1999969482422,3233242,-5.835545672195684
AML.L,2024-06-27,150.8000030517578,142.0,153.10000610351562,139.1999969482422,3233242,-5.835545672195684
AML.L,2024-06-28,142.8000030517578,143.6999969482422,148.9080047607422,135.0,1858073,0.630247813200797
AML.L,2024-06-28,142.8000030517578,143.6999969482422,148.9080047607422,135.0,1858073,0.630247813200797
AML.L,2024-07-01,143.8000030517578,144.0,151.0,142.1999969482422,1620808,0.13907993323908538
AML.L,2024-07-01,143.8000030517578,144.0,151.0,142.1999969482422,1620808,0.13907993323908538
AML.L,2024-07-02,143.3000030517578,140.5,147.8000030517578,138.6999969482422,2037796,-1.9539448654069418
AML.L,2024-07-02,143.3000030517578,140.5,147.8000030517578,138.6999969482422,2037796,-1.9539448654069418
AML.L,2024-07-03,142.1999969482422,144.89999389648438,146.3000030517578,139.60000610351562,919920,1.898732071861387
AML.L,2024-07-03,142.1999969482422,144.89999389648438,146.3000030517578,139.60000610351562,919920,1.898732071861387
AML.L,2024-07-04,146.0,148.5,151.5,145.8000030517578,929691,1.7123287671232876
AML.L,2024-07-04,146.0,148.5,151.5,145.8000030517578,929691,1.7123287671232876
AML.L,2024-07-05,149.0,147.0,154.1999969482422,144.5,1323941,-1.342281879194631
AML.L,2024-07-05,149.0,147.0,154.1999969482422,144.5,1323941,-1.342281879194631
AML.L,2024-07-08,146.5,151.10000610351562,152.3000030517578,145.6999969482422,1119275,3.1399359068366044
AML.L,2024-07-08,146.5,151.10000610351562,152.3000030517578,145.6999969482422,1119275,3.1399359068366044
AML.L,2024-07-09,150.1999969482422,159.5,160.2469940185547,146.10000610351562,4319334,6.191746498478642
AML.L,2024-07-09,150.1999969482422,159.5,160.2469940185547,146.10000610351562,4319334,6.191746498478642
AML.L,2024-07-10,159.5,158.60000610351562,165.8000030517578,157.8000030517578,1902212,-0.5642594962284483
AML.L,2024-07-10,159.5,158.60000610351562,165.8000030517578,157.8000030517578,1902212,-0.5642594962284483
AML.L,2024-07-11,159.8000030517578,162.0,162.6999969482422,154.0,1696850,1.3767189650989105
AML.L,2024-07-11,159.8000030517578,162.0,162.6999969482422,154.0,1696850,1.3767189650989105
AML.L,2024-07-12,163.0,163.0,167.5,159.89999389648438,2164367,0.0
AML.L,2024-07-12,163.0,163.0,167.5,159.89999389648438,2164367,0.0
AML.L,2024-07-15,162.3000030517578,158.89999389648438,164.1999969482422,156.1999969482422,1562157,-2.0948916151216386
AML.L,2024-07-15,162.3000030517578,158.89999389648438,164.1999969482422,156.1999969482422,1562157,-2.0948916151216386
AML.L,2024-07-16,158.3000030517578,152.10000610351562,161.0,151.1999969482422,1804563,-3.9166120206675132
AML.L,2024-07-16,158.3000030517578,152.10000610351562,161.0,151.1999969482422,1804563,-3.9166120206675132
AML.L,2024-07-17,155.0,149.5,162.0,149.5,1589374,-3.5483870967741935
AML.L,2024-07-17,155.0,149.5,162.0,149.5,1589374,-3.5483870967741935
AML.L,2024-07-18,150.89999389648438,152.8000030517578,154.5,148.10000610351562,979813,1.2591181127395017
AML.L,2024-07-18,150.89999389648438,152.8000030517578,154.5,148.10000610351562,979813,1.2591181127395017
AML.L,2024-07-19,151.6999969482422,146.5,152.0,145.89999389648438,1504861,-3.4278161192161067
AML.L,2024-07-19,151.6999969482422,146.5,152.0,145.89999389648438,1504861,-3.4278161192161067
AML.L,2024-07-22,147.8000030517578,152.39999389648438,153.89999389648438,146.89999389648438,1807724,3.1123076791248105
AML.L,2024-07-22,147.8000030517578,152.39999389648438,153.89999389648438,146.89999389648438,1807724,3.1123076791248105
AML.L,2024-07-23,153.8000030517578,150.0,158.10000610351562,147.60000610351562,1472703,-2.4707431575791383
AML.L,2024-07-23,153.8000030517578,150.0,158.10000610351562,147.60000610351562,1472703,-2.4707431575791383
AML.L,2024-07-24,152.5,159.6999969482422,169.0,151.66299438476562,5025023,4.721309474257172
AML.L,2024-07-24,152.5,159.6999969482422,169.0,151.66299438476562,5025023,4.721309474257172
AML.L,2024-07-25,158.0,162.89999389648438,163.10000610351562,151.76100158691406,2639341,3.1012619598002376
AML.L,2024-07-25,158.0,162.89999389648438,163.10000610351562,151.76100158691406,2639341,3.1012619598002376
AML.L,2024-07-26,165.0,163.8000030517578,167.89999389648438,157.10000610351562,1257588,-0.7272708777225378
AML.L,2024-07-26,165.0,163.8000030517578,167.89999389648438,157.10000610351562,1257588,-0.7272708777225378
AML.L,2024-07-29,166.6999969482422,159.60000610351562,171.10000610351562,157.3000030517578,1029311,-4.259142756271917
AML.L,2024-07-29,166.6999969482422,159.60000610351562,171.10000610351562,157.3000030517578,1029311,-4.259142756271917
AML.L,2024-07-30,155.10000610351562,155.10000610351562,166.0,154.6999969482422,1101530,0.0
AML.L,2024-07-30,155.10000610351562,155.10000610351562,166.0,154.6999969482422,1101530,0.0
AML.L,2024-07-31,161.10000610351562,155.39999389648438,162.8000030517578,151.6999969482422,878255,-3.538182489806163
AML.L,2024-07-31,161.10000610351562,155.39999389648438,162.8000030517578,151.6999969482422,878255,-3.538182489806163
AML.L,2024-08-01,155.39999389648438,152.1999969482422,157.60000610351562,150.5,1514085,-2.0592001762714234
AML.L,2024-08-01,155.39999389648438,152.1999969482422,157.60000610351562,150.5,1514085,-2.0592001762714234
AML.L,2024-08-02,150.39999389648438,145.89999389648438,152.10000610351562,145.89999389648438,1205689,-2.992021398017615
AML.L,2024-08-02,150.39999389648438,145.89999389648438,152.10000610351562,145.89999389648438,1205689,-2.992021398017615
AML.L,2024-08-05,139.89999389648438,138.0,144.89999389648438,129.10000610351562,3081382,-1.3581086342936008
AML.L,2024-08-05,139.89999389648438,138.0,144.89999389648438,129.10000610351562,3081382,-1.3581086342936008
AML.L,2024-08-06,140.3000030517578,136.10000610351562,144.5,134.60000610351562,1920351,-2.9935829343444667
AML.L,2024-08-06,140.3000030517578,136.10000610351562,144.5,134.60000610351562,1920351,-2.9935829343444667
AML.L,2024-08-07,140.0,134.60000610351562,141.39999389648438,133.8000030517578,1155335,-3.8571384974888394
AML.L,2024-08-07,140.0,134.60000610351562,141.39999389648438,133.8000030517578,1155335,-3.8571384974888394
AML.L,2024-08-08,136.6999969482422,136.10000610351562,141.8000030517578,131.6999969482422,1234051,-0.4389106496862126
AML.L,2024-08-08,136.6999969482422,136.10000610351562,141.8000030517578,131.6999969482422,1234051,-0.4389106496862126
AML.L,2024-08-09,137.39999389648438,139.10000610351562,141.7259979248047,135.3000030517578,1211262,1.2372724036014298
AML.L,2024-08-09,137.39999389648438,139.10000610351562,141.7259979248047,135.3000030517578,1211262,1.2372724036014298
AML.L,2024-08-12,140.0,136.3000030517578,147.1999969482422,136.3000030517578,817536,-2.6428549630301337
AML.L,2024-08-12,140.0,136.3000030517578,147.1999969482422,136.3000030517578,817536,-2.6428549630301337
AML.L,2024-08-13,138.0,138.5,146.10000610351562,136.5,832587,0.36231884057971014
AML.L,2024-08-13,138.0,138.5,146.10000610351562,136.5,832587,0.36231884057971014
AML.L,2024-08-14,141.0,139.6999969482422,145.6999969482422,138.5,1185562,-0.9219879799700798
AML.L,2024-08-14,141.0,139.6999969482422,145.6999969482422,138.5,1185562,-0.9219879799700798
AML.L,2024-08-15,144.10000610351562,143.6999969482422,145.10000610351562,140.0,899967,-0.27759135206842883
AML.L,2024-08-15,144.10000610351562,143.6999969482422,145.10000610351562,140.0,899967,-0.27759135206842883
AML.L,2024-08-16,149.0,143.10000610351562,151.8000030517578,143.10000610351562,1159999,-3.9597274473049495
AML.L,2024-08-16,149.0,143.10000610351562,151.8000030517578,143.10000610351562,1159999,-3.9597274473049495
AML.L,2024-08-19,143.60000610351562,146.1999969482422,150.0,140.3000030517578,812816,1.810578505722577
AML.L,2024-08-19,143.60000610351562,146.1999969482422,150.0,140.3000030517578,812816,1.810578505722577
AML.L,2024-08-20,148.39999389648438,146.6999969482422,151.10000610351562,146.39999389648438,548350,-1.1455505513214586
AML.L,2024-08-20,148.39999389648438,146.6999969482422,151.10000610351562,146.39999389648438,548350,-1.1455505513214586
AML.L,2024-08-21,146.3000030517578,149.8000030517578,152.0,142.6999969482422,1095655,2.3923444477043345
AML.L,2024-08-21,146.3000030517578,149.8000030517578,152.0,142.6999969482422,1095655,2.3923444477043345
AML.L,2024-08-22,156.60000610351562,148.5,157.0,146.60000610351562,805706,-5.172417489027022
AML.L,2024-08-22,156.60000610351562,148.5,157.0,146.60000610351562,805706,-5.172417489027022
AML.L,2024-08-23,149.60000610351562,149.60000610351562,152.10000610351562,147.89999389648438,718977,0.0
AML.L,2024-08-23,149.60000610351562,149.60000610351562,152.10000610351562,147.89999389648438,718977,0.0
AML.L,2024-08-27,149.0,148.1999969482422,153.1999969482422,148.1999969482422,1281947,-0.536914799837458
AML.L,2024-08-27,149.0,148.1999969482422,153.1999969482422,148.1999969482422,1281947,-0.536914799837458
AML.L,2024-08-28,147.8000030517578,146.1999969482422,149.3000030517578,143.10000610351562,1275466,-1.082548085574343
AML.L,2024-08-28,147.8000030517578,146.1999969482422,149.3000030517578,143.10000610351562,1275466,-1.082548085574343
AML.L,2024-08-29,145.3000030517578,146.5,147.39999389648438,143.1999969482422,897488,0.8258753771771997
AML.L,2024-08-29,145.3000030517578,146.5,147.39999389648438,143.1999969482422,897488,0.8258753771771997
AML.L,2024-08-30,146.5,148.5,154.0,146.1999969482422,2586688,1.3651877133105803
AML.L,2024-08-30,146.5,148.5,154.0,146.1999969482422,2586688,1.3651877133105803
AML.L,2024-09-02,149.1999969482422,145.0,149.5,139.6999969482422,1562349,-2.815011416990294
AML.L,2024-09-02,149.1999969482422,145.0,149.5,139.6999969482422,1562349,-2.815011416990294
AML.L,2024-09-03,144.1999969482422,146.39999389648438,146.5,139.5,969374,1.5256567231633398
AML.L,2024-09-03,144.1999969482422,146.39999389648438,146.5,139.5,969374,1.5256567231633398
AML.L,2024-09-04,143.0,151.3000030517578,152.1999969482422,142.10000610351562,1221219,5.804197938292177
AML.L,2024-09-04,143.0,151.3000030517578,152.1999969482422,142.10000610351562,1221219,5.804197938292177
AML.L,2024-09-05,153.10000610351562,156.60000610351562,159.60000610351562,152.0,2492766,2.28608743335617
AML.L,2024-09-05,153.10000610351562,156.60000610351562,159.60000610351562,152.0,2492766,2.28608743335617
AML.L,2024-09-06,156.60000610351562,149.6999969482422,159.0,149.6999969482422,1154080,-4.406135942748558
AML.L,2024-09-06,156.60000610351562,149.6999969482422,159.0,149.6999969482422,1154080,-4.406135942748558
AML.L,2024-09-09,151.0,152.3000030517578,155.1999969482422,149.5,1491766,0.8609291733495447
AML.L,2024-09-09,151.0,152.3000030517578,155.1999969482422,149.5,1491766,0.8609291733495447
AML.L,2024-09-10,152.0,148.8000030517578,154.89999389648438,148.8000030517578,1356809,-2.105261150159334
AML.L,2024-09-10,152.0,148.8000030517578,154.89999389648438,148.8000030517578,1356809,-2.105261150159334
AML.L,2024-09-11,151.89999389648438,150.1999969482422,154.0,147.3000030517578,750583,-1.1191553762672881
AML.L,2024-09-11,151.89999389648438,150.1999969482422,154.0,147.3000030517578,750583,-1.1191553762672881
AML.L,2024-09-12,153.5,154.3000030517578,157.0,152.5,1117262,0.5211746265523208
AML.L,2024-09-12,153.5,154.3000030517578,157.0,152.5,1117262,0.5211746265523208
AML.L,2024-09-13,155.89999389648438,159.6999969482422,161.89999389648438,154.3000030517578,1504112,2.437461963135782
AML.L,2024-09-13,155.89999389648438,159.6999969482422,161.89999389648438,154.3000030517578,1504112,2.437461963135782
AML.L,2024-09-16,159.0,161.3000030517578,164.0,155.6999969482422,1553016,1.4465427998476807
AML.L,2024-09-16,159.0,161.3000030517578,164.0,155.6999969482422,1553016,1.4465427998476807
AML.L,2024-09-17,163.3000030517578,160.1999969482422,165.0,160.1999969482422,1250182,-1.8983503034798355
AML.L,2024-09-17,163.3000030517578,160.1999969482422,165.0,160.1999969482422,1250182,-1.8983503034798355
AML.L,2024-09-18,159.3000030517578,164.6999969482422,164.89999389648438,158.1999969482422,1192667,3.38982661207475
AML.L,2024-09-18,159.3000030517578,164.6999969482422,164.89999389648438,158.1999969482422,1192667,3.38982661207475
AML.L,2024-09-19,168.39999389648438,169.0,171.0,162.3000030517578,2140331,0.3562981741462825
AML.L,2024-09-19,168.39999389648438,169.0,171.0,162.3000030517578,2140331,0.3562981741462825
AML.L,2024-09-20,167.3000030517578,163.3000030517578,170.02699279785156,161.8000030517578,2070975,-2.3909144811925165
AML.L,2024-09-20,167.3000030517578,163.3000030517578,170.02699279785156,161.8000030517578,2070975,-2.3909144811925165
AML.L,2024-09-23,165.89999389648438,161.6999969482422,165.89999389648438,157.0,1550045,-2.5316438232437997
AML.L,2024-09-23,165.89999389648438,161.6999969482422,165.89999389648438,157.0,1550045,-2.5316438232437997
AML.L,2024-09-24,163.1999969482422,159.89999389648438,166.39999389648438,159.35000610351562,1983216,-2.022060731290569
AML.L,2024-09-24,163.1999969482422,159.89999389648438,166.39999389648438,159.35000610351562,1983216,-2.022060731290569
AML.L,2024-09-25,159.0,156.3000030517578,161.8000030517578,156.10000610351562,1021239,-1.6981112882026337
AML.L,2024-09-25,159.0,156.3000030517578,161.8000030517578,156.10000610351562,1021239,-1.6981112882026337
AML.L,2024-09-26,157.89999389648438,151.39999389648438,161.10000610351562,151.39999389648438,3592329,-4.116529608139979
AML.L,2024-09-26,157.89999389648438,151.39999389648438,161.10000610351562,151.39999389648438,3592329,-4.116529608139979
AML.L,2024-09-27,152.10000610351562,159.5,160.5,152.10000610351562,2548454,4.865216041771961
AML.L,2024-09-27,152.10000610351562,159.5,160.5,152.10000610351562,2548454,4.865216041771961
AML.L,2024-09-30,147.60000610351562,120.4000015258789,148.8000030517578,113.5999984741211,22536985,-18.428186621185276
AML.L,2024-09-30,147.60000610351562,120.4000015258789,148.8000030517578,113.5999984741211,22536985,-18.428186621185276
AML.L,2024-10-01,120.69999694824219,117.19999694824219,127.0,115.5,14143763,-2.8997515231925384
AML.L,2024-10-01,120.69999694824219,117.19999694824219,127.0,115.5,14143763,-2.8997515231925384
AML.L,2024-10-02,115.0,108.5,117.5999984741211,106.5999984741211,15628338,-5.6521739130434785
AML.L,2024-10-02,115.0,108.5,117.5999984741211,106.5999984741211,15628338,-5.6521739130434785
AML.L,2024-10-03,105.80000305175781,104.9000015258789,108.9000015258789,102.5999984741211,4541859,-0.8506630434014464
AML.L,2024-10-03,105.80000305175781,104.9000015258789,108.9000015258789,102.5999984741211,4541859,-0.8506630434014464
AML.L,2024-10-04,105.5999984741211,109.80000305175781,114.0,105.5999984741211,3551507,3.9772771196260903
AML.L,2024-10-04,105.5999984741211,109.80000305175781,114.0,105.5999984741211,3551507,3.9772771196260903
AML.L,2024-10-07,110.4000015258789,112.0,114.30000305175781,107.5,2955567,1.449273960151203
AML.L,2024-10-07,110.4000015258789,112.0,114.30000305175781,107.5,2955567,1.449273960151203
AML.L,2024-10-08,110.5999984741211,110.80000305175781,115.0,108.5999984741211,1505758,0.18083596780836947
AML.L,2024-10-08,110.5999984741211,110.80000305175781,115.0,108.5999984741211,1505758,0.18083596780836947
AML.L,2024-10-09,111.5,112.0999984741211,114.5999984741211,110.5999984741211,1782765,0.5381152234269899
AML.L,2024-10-09,111.5,112.0999984741211,114.5999984741211,110.5999984741211,1782765,0.5381152234269899
AML.L,2024-10-10,112.80000305175781,110.9000015258789,114.80000305175781,110.30000305175781,1669340,-1.6843984702793833
AML.L,2024-10-10,112.80000305175781,110.9000015258789,114.80000305175781,110.30000305175781,1669340,-1.6843984702793833
AML.L,2024-10-11,110.30000305175781,108.4000015258789,111.30000305175781,104.0999984741211,4097938,-1.7225761317407564
AML.L,2024-10-11,110.30000305175781,108.4000015258789,111.30000305175781,104.0999984741211,4097938,-1.7225761317407564
AML.L,2024-10-14,113.19999694824219,109.4000015258789,113.19999694824219,108.0,908202,-3.3568865060135398
AML.L,2024-10-14,113.19999694824219,109.4000015258789,113.19999694824219,108.0,908202,-3.3568865060135398
AML.L,2024-10-15,112.5,109.0,114.0,107.80000305175781,1426911,-3.111111111111111
AML.L,2024-10-15,112.5,109.0,114.0,107.80000305175781,1426911,-3.111111111111111
AML.L,2024-10-16,108.4000015258789,108.4000015258789,109.19999694824219,106.5999984741211,1504873,0.0
AML.L,2024-10-16,108.4000015258789,108.4000015258789,109.19999694824219,106.5999984741211,1504873,0.0
AML.L,2024-10-17,107.69999694824219,106.69999694824219,110.0,105.69999694824219,8834563,-0.9285051330879553
AML.L,2024-10-17,107.69999694824219,106.69999694824219,110.0,105.69999694824219,8834563,-0.9285051330879553
AML.L,2024-10-18,106.0,105.5999984741211,108.9000015258789,104.4000015258789,1868513,-0.37735993007443985
AML.L,2024-10-18,106.0,105.5999984741211,108.9000015258789,104.4000015258789,1868513,-0.37735993007443985
AML.L,2024-10-21,107.5999984741211,104.80000305175781,108.0,104.19999694824219,1131015,-2.6022262658644078
AML.L,2024-10-21,107.5999984741211,104.80000305175781,108.0,104.19999694824219,1131015,-2.6022262658644078
AML.L,2024-10-22,104.5999984741211,104.0999984741211,106.03800201416016,103.30000305175781,1258006,-0.4780114792484478
AML.L,2024-10-22,104.5999984741211,104.0999984741211,106.03800201416016,103.30000305175781,1258006,-0.4780114792484478
AML.L,2024-10-23,107.0,107.30000305175781,107.9000015258789,104.0,1481638,0.28037668388580606
AML.L,2024-10-23,107.0,107.30000305175781,107.9000015258789,104.0,1481638,0.28037668388580606
AML.L,2024-10-24,104.30000305175781,110.5,113.9000015258789,104.0999984741211,1693244,5.944388079418849
AML.L,2024-10-24,104.30000305175781,110.5,113.9000015258789,104.0999984741211,1693244,5.944388079418849
AML.L,2024-10-25,110.30000305175781,108.9000015258789,113.0,108.0,1835157,-1.269266987437853
AML.L,2024-10-25,110.30000305175781,108.9000015258789,113.0,108.0,1835157,-1.269266987437853
AML.L,2024-10-28,109.69999694824219,104.4000015258789,113.19999694824219,103.9000015258789,3284833,-4.8313542113076675
AML.L,2024-10-28,109.69999694824219,104.4000015258789,113.19999694824219,103.9000015258789,3284833,-4.8313542113076675
AML.L,2024-10-29,105.0,105.5,107.4000015258789,103.5999984741211,2235802,0.4761904761904762
AML.L,2024-10-29,105.0,105.5,107.4000015258789,103.5999984741211,2235802,0.4761904761904762
AML.L,2024-10-30,110.69999694824219,110.9000015258789,113.80000305175781,104.0,3466517,0.18067261350533817
AML.L,2024-10-30,110.69999694824219,110.9000015258789,113.80000305175781,104.0,3466517,0.18067261350533817
AML.L,2024-10-31,111.0,114.4000015258789,118.5,107.9000015258789,4545577,3.063064437728744
AML.L,2024-10-31,111.0,114.4000015258789,118.5,107.9000015258789,4545577,3.063064437728744
AML.L,2024-11-01,113.0999984741211,116.30000305175781,117.4000015258789,110.69999694824219,2052117,2.8293586390886873
AML.L,2024-11-01,113.0999984741211,116.30000305175781,117.4000015258789,110.69999694824219,2052117,2.8293586390886873
AML.L,2024-11-04,114.5999984741211,117.5,121.19999694824219,113.5,3062597,2.530542377392599
AML.L,2024-11-04,114.5999984741211,117.5,121.19999694824219,113.5,3062597,2.530542377392599
AML.L,2024-11-05,118.19999694824219,120.5999984741211,122.5999984741211,117.0,2076097,2.0304581961451547
AML.L,2024-11-05,118.19999694824219,120.5999984741211,122.5999984741211,117.0,2076097,2.0304581961451547
AML.L,2024-11-06,122.0999984741211,118.0,124.0,116.9000015258789,1717699,-3.357902150170855
AML.L,2024-11-06,122.0999984741211,118.0,124.0,116.9000015258789,1717699,-3.357902150170855
AML.L,2024-11-07,118.0,120.0,123.9000015258789,118.0,1350735,1.694915254237288
AML.L,2024-11-07,118.0,120.0,123.9000015258789,118.0,1350735,1.694915254237288
AML.L,2024-11-08,123.4000015258789,117.5999984741211,123.9000015258789,116.5999984741211,999878,-4.700164489496754
AML.L,2024-11-08,123.4000015258789,117.5999984741211,123.9000015258789,116.5999984741211,999878,-4.700164489496754
AML.L,2024-11-11,123.0,120.19999694824219,123.0,117.9000015258789,982626,-2.276425245331555
AML.L,2024-11-11,123.0,120.19999694824219,123.0,117.9000015258789,982626,-2.276425245331555
AML.L,2024-11-12,120.19999694824219,115.69999694824219,122.19999694824219,113.19999694824219,6275299,-3.7437604943847784
AML.L,2024-11-12,120.19999694824219,115.69999694824219,122.19999694824219,113.19999694824219,6275299,-3.7437604943847784
AML.L,2024-11-13,116.30000305175781,115.5,118.30000305175781,110.5,1856835,-0.6878787882763696
AML.L,2024-11-13,116.30000305175781,115.5,118.30000305175781,110.5,1856835,-0.6878787882763696
AML.L,2024-11-14,115.30000305175781,115.19999694824219,115.69999694824219,112.4000015258789,678575,-0.08673556016363032
AML.L,2024-11-14,115.30000305175781,115.19999694824219,115.69999694824219,112.4000015258789,678575,-0.08673556016363032
AML.L,2024-11-15,118.80000305175781,112.5,118.80000305175781,111.0999984741211,768276,-5.303032735624661
AML.L,2024-11-15,118.80000305175781,112.5,118.80000305175781,111.0999984741211,768276,-5.303032735624661
AML.L,2024-11-18,111.0,110.0999984741211,114.69999694824219,109.85700225830078,949181,-0.8108121854764921
AML.L,2024-11-18,111.0,110.0999984741211,114.69999694824219,109.85700225830078,949181,-0.8108121854764921
AML.L,2024-11-19,110.0,106.4000015258789,116.30000305175781,105.30000305175781,1637403,-3.2727258855646304
AML.L,2024-11-19,110.0,106.4000015258789,116.30000305175781,105.30000305175781,1637403,-3.2727258855646304
AML.L,2024-11-20,106.4000015258789,101.4000015258789,108.9000015258789,101.4000015258789,1979700,-4.69924805290899
AML.L,2024-11-20,106.4000015258789,101.4000015258789,108.9000015258789,101.4000015258789,1979700,-4.69924805290899
AML.L,2024-11-21,101.4000015258789,102.69999694824219,105.4000015258789,101.0,1232718,1.2820467483242608
AML.L,2024-11-21,101.4000015258789,102.69999694824219,105.4000015258789,101.0,1232718,1.2820467483242608
AML.L,2024-11-22,104.19999694824219,105.69999694824219,109.80000305175781,102.80000305175781,1475988,1.4395393895693434
AML.L,2024-11-22,104.19999694824219,105.69999694824219,109.80000305175781,102.80000305175781,1475988,1.4395393895693434
AML.L,2024-11-25,106.69999694824219,112.4000015258789,113.0,105.5,2101319,5.342085042796829
AML.L,2024-11-25,106.69999694824219,112.4000015258789,113.0,105.5,2101319,5.342085042796829
AML.L,2024-11-26,112.4000015258789,107.9000015258789,113.9000015258789,106.9000015258789,1045835,-4.00355866451116
AML.L,2024-11-26,112.4000015258789,107.9000015258789,113.9000015258789,106.9000015258789,1045835,-4.00355866451116
AML.L,2024-11-27,99.0,102.0,105.19999694824219,98.0,7064687,3.0303030303030303
AML.L,2024-11-27,99.0,102.0,105.19999694824219,98.0,7064687,3.0303030303030303
AML.L,2024-11-28,104.0,104.0,107.0,101.4000015258789,2457352,0.0
AML.L,2024-11-28,104.0,104.0,107.0,101.4000015258789,2457352,0.0
AML.L,2024-11-29,102.5999984741211,106.0,107.30000305175781,102.5999984741211,2330700,3.3138416924406604
AML.L,2024-11-29,102.5999984741211,106.0,107.30000305175781,102.5999984741211,2330700,3.3138416924406604
AML.L,2024-12-02,106.9000015258789,105.0,108.5,104.19999694824219,1585217,-1.7773634225991515
AML.L,2024-12-02,106.9000015258789,105.0,108.5,104.19999694824219,1585217,-1.7773634225991515
AML.L,2024-12-03,105.19999694824219,109.69999694824219,110.0,104.0,1729663,4.277566664012333
AML.L,2024-12-03,105.19999694824219,109.69999694824219,110.0,104.0,1729663,4.277566664012333
AML.L,2024-12-04,110.0,111.0,112.4000015258789,108.80000305175781,3740768,0.9090909090909091
AML.L,2024-12-04,110.0,111.0,112.4000015258789,108.80000305175781,3740768,0.9090909090909091
AML.L,2024-12-05,111.0,111.19999694824219,113.5999984741211,107.19999694824219,1645123,0.18017743084881757
AML.L,2024-12-05,111.0,111.19999694824219,113.5999984741211,107.19999694824219,1645123,0.18017743084881757
AML.L,2024-12-06,110.69999694824219,111.0,115.80000305175781,110.19999694824219,2242807,0.27100547428025584
AML.L,2024-12-06,110.69999694824219,111.0,115.80000305175781,110.19999694824219,2242807,0.27100547428025584
AML.L,2024-12-09,111.0,110.5999984741211,111.4000015258789,108.4000015258789,1373155,-0.36036173502604163
AML.L,2024-12-09,111.0,110.5999984741211,111.4000015258789,108.4000015258789,1373155,-0.36036173502604163
AML.L,2024-12-10,109.30000305175781,110.19999694824219,111.66600036621094,109.0,872269,0.8234161677545359
AML.L,2024-12-10,109.30000305175781,110.19999694824219,111.66600036621094,109.0,872269,0.8234161677545359
AML.L,2024-12-11,109.5,110.4000015258789,111.5,108.5,728310,0.8219192017158962
AML.L,2024-12-11,109.5,110.4000015258789,111.5,108.5,728310,0.8219192017158962
AML.L,2024-12-12,111.5,111.0,113.5,108.80000305175781,1502427,-0.4484304932735426
AML.L,2024-12-12,111.5,111.0,113.5,108.80000305175781,1502427,-0.4484304932735426
AML.L,2024-12-13,109.69999694824219,104.5,111.0,104.5,2844022,-4.740197896902049
AML.L,2024-12-13,109.69999694824219,104.5,111.0,104.5,2844022,-4.740197896902049
AML.L,2024-12-16,103.69999694824219,100.0,105.5999984741211,99.94999694824219,2817794,-3.567981733007087
AML.L,2024-12-16,103.69999694824219,100.0,105.5999984741211,99.94999694824219,2817794,-3.567981733007087
AML.L,2024-12-17,99.0,103.9000015258789,104.5999984741211,99.0,1610791,4.949496490786774
AML.L,2024-12-17,99.0,103.9000015258789,104.5999984741211,99.0,1610791,4.949496490786774
AML.L,2024-12-18,104.5999984741211,106.69999694824219,106.69999694824219,103.0999984741211,1143019,2.0076467540682144
AML.L,2024-12-18,104.5999984741211,106.69999694824219,106.69999694824219,103.0999984741211,1143019,2.0076467540682144
AML.L,2024-12-19,105.0,105.19999694824219,108.69999694824219,102.80000305175781,1746672,0.19047328404017855
AML.L,2024-12-19,105.0,105.19999694824219,108.69999694824219,102.80000305175781,1746672,0.19047328404017855
AML.L,2024-12-20,103.5,104.80000305175781,105.4000015258789,101.79399871826172,1930643,1.2560415959012683
AML.L,2024-12-20,103.5,104.80000305175781,105.4000015258789,101.79399871826172,1930643,1.2560415959012683
AML.L,2024-12-23,103.9000015258789,102.80000305175781,104.69999694824219,101.19999694824219,1614537,-1.0587088142122032
AML.L,2024-12-23,103.9000015258789,102.80000305175781,104.69999694824219,101.19999694824219,1614537,-1.0587088142122032
AML.L,2024-12-24,103.4000015258789,104.69999694824219,106.5999984741211,103.0999984741211,791504,1.2572489392448598
AML.L,2024-12-24,103.4000015258789,104.69999694824219,106.5999984741211,103.0999984741211,791504,1.2572489392448598
AML.L,2024-12-27,105.0,105.80000305175781,106.0,104.30000305175781,1116410,0.7619076683407738
AML.L,2024-12-27,105.0,105.80000305175781,106.0,104.30000305175781,1116410,0.7619076683407738
AML.L,2024-12-30,104.80000305175781,104.30000305175781,105.5,102.4000015258789,1111106,-0.4770992227481748
AML.L,2024-12-30,104.80000305175781,104.30000305175781,105.5,102.4000015258789,1111106,-0.4770992227481748
AML.L,2024-12-31,105.0,106.5999984741211,106.80000305175781,103.9000015258789,969875,1.5238080705915178
AML.L,2024-12-31,105.0,106.5999984741211,106.80000305175781,103.9000015258789,969875,1.5238080705915178
AML.L,2025-01-02,106.80000305175781,107.69999694824219,108.69999694824219,105.68399810791016,1509524,0.8426908902317322
AML.L,2025-01-02,106.80000305175781,107.69999694824219,108.69999694824219,105.68399810791016,1509524,0.8426908902317322
AML.L,2025-01-03,108.0,105.4000015258789,109.80000305175781,104.30000305175781,869412,-2.4074059945565685
AML.L,2025-01-03,108.0,105.4000015258789,109.80000305175781,104.30000305175781,869412,-2.4074059945565685
AML.L,2025-01-06,105.69999694824219,105.30000305175781,109.5,103.30000305175781,2092130,-0.37842375405198814
AML.L,2025-01-06,105.69999694824219,105.30000305175781,109.5,103.30000305175781,2092130,-0.37842375405198814
AML.L,2025-01-07,105.30000305175781,107.0,107.5,104.5,1131386,1.6144320028239627
AML.L,2025-01-07,105.30000305175781,107.0,107.5,104.5,1131386,1.6144320028239627
AML.L,2025-01-08,106.0,103.4000015258789,109.5999984741211,100.19999694824219,2362990,-2.452828749170843
AML.L,2025-01-08,106.0,103.4000015258789,109.5999984741211,100.19999694824219,2362990,-2.452828749170843
AML.L,2025-01-09,103.0,104.5999984741211,106.69999694824219,102.72200012207031,1519094,1.5533965768165958
AML.L,2025-01-09,103.0,104.5999984741211,106.69999694824219,102.72200012207031,1519094,1.5533965768165958
AML.L,2025-01-10,104.4000015258789,103.5999984741211,105.5999984741211,102.4000015258789,1374616,-0.7662864368440704
AML.L,2025-01-10,104.4000015258789,103.5999984741211,105.5999984741211,102.4000015258789,1374616,-0.7662864368440704
AML.L,2025-01-13,103.5,105.5,105.5,101.69999694824219,2158732,1.932367149758454
AML.L,2025-01-13,103.5,105.5,105.5,101.69999694824219,2158732,1.932367149758454
AML.L,2025-01-14,106.5,101.19999694824219,107.19999694824219,100.0999984741211,3224136,-4.976528687096538
AML.L,2025-01-14,106.5,101.19999694824219,107.19999694824219,100.0999984741211,3224136,-4.976528687096538
AML.L,2025-01-15,101.69999694824219,102.80000305175781,102.80000305175781,96.98200225830078,5126831,1.081618619984273
AML.L,2025-01-15,101.69999694824219,102.80000305175781,102.80000305175781,96.98200225830078,5126831,1.081618619984273
AML.L,2025-01-16,103.69999694824219,102.0,104.9000015258789,101.0,2049322,-1.6393413676672284
AML.L,2025-01-16,103.69999694824219,102.0,104.9000015258789,101.0,2049322,-1.6393413676672284
AML.L,2025-01-17,102.5999984741211,108.5999984741211,110.5,102.19999694824219,5730041,5.847953303345698
AML.L,2025-01-17,102.5999984741211,108.5999984741211,110.5,102.19999694824219,5730041,5.847953303345698
AML.L,2025-01-20,108.5,111.30000305175781,111.80000305175781,107.375,2367104,2.580647973970334
AML.L,2025-01-20,108.5,111.30000305175781,111.80000305175781,107.375,2367104,2.580647973970334
AML.L,2025-01-21,110.80000305175781,112.69999694824219,113.30000305175781,109.5999984741211,1201656,1.714795888224691
AML.L,2025-01-21,110.80000305175781,112.69999694824219,113.30000305175781,109.5999984741211,1201656,1.714795888224691
AML.L,2025-01-22,113.19999694824219,109.80000305175781,115.69999694824219,109.30000305175781,1356841,-3.003528258078431
AML.L,2025-01-22,113.19999694824219,109.80000305175781,115.69999694824219,109.30000305175781,1356841,-3.003528258078431
AML.L,2025-01-23,109.5,107.5,116.0999984741211,106.69999694824219,1063506,-1.82648401826484
AML.L,2025-01-23,109.5,107.5,116.0999984741211,106.69999694824219,1063506,-1.82648401826484
AML.L,2025-01-24,107.9000015258789,108.0999984741211,111.0,106.5999984741211,972555,0.18535398092114014
AML.L,2025-01-24,107.9000015258789,108.0999984741211,111.0,106.5999984741211,972555,0.18535398092114014
AML.L,2025-01-27,107.9000015258789,106.0,109.69999694824219,105.4000015258789,864133,-1.7608911019553666
AML.L,2025-01-27,107.9000015258789,106.0,109.69999694824219,105.4000015258789,864133,-1.7608911019553666
AML.L,2025-01-28,105.80000305175781,106.0,108.9000015258789,105.0,1014078,0.18903302691243604
AML.L,2025-01-28,105.80000305175781,106.0,108.9000015258789,105.0,1014078,0.18903302691243604
AML.L,2025-01-29,105.0,106.4000015258789,106.9000015258789,105.0,802705,1.3333347865513392
AML.L,2025-01-29,105.0,106.4000015258789,106.9000015258789,105.0,802705,1.3333347865513392
AML.L,2025-01-30,106.0999984741211,108.4000015258789,109.9000015258789,105.4000015258789,1113475,2.1677691657260554
AML.L,2025-01-30,106.0999984741211,108.4000015258789,109.9000015258789,105.4000015258789,1113475,2.1677691657260554
AML.L,2025-01-31,108.80000305175781,105.5,109.5999984741211,104.5999984741211,1688486,-3.0330909551426677
AML.L,2025-01-31,108.80000305175781,105.5,109.5999984741211,104.5999984741211,1688486,-3.0330909551426677
AML.L,2025-02-03,102.0,103.69999694824219,103.9000015258789,97.05000305175781,7503088,1.6666636747472425
AML.L,2025-02-03,102.0,103.69999694824219,103.9000015258789,97.05000305175781,7503088,1.6666636747472425
AML.L,2025-02-04,102.5999984741211,104.4000015258789,105.5,100.0,2351140,1.7543889654265727
AML.L,2025-02-04,102.5999984741211,104.4000015258789,105.5,100.0,2351140,1.7543889654265727
AML.L,2025-02-05,104.4000015258789,104.0999984741211,104.9000015258789,102.22599792480469,1103600,-0.2873592407787916
AML.L,2025-02-05,104.4000015258789,104.0999984741211,104.9000015258789,102.22599792480469,1103600,-0.2873592407787916
AML.L,2025-02-06,104.0,112.19999694824219,113.30000305175781,103.5,4465526,7.884612450232872
AML.L,2025-02-06,104.0,112.19999694824219,113.30000305175781,103.5,4465526,7.884612450232872
AML.L,2025-02-07,112.0,107.80000305175781,114.9000015258789,106.80000305175781,2232239,-3.7499972752162387
AML.L,2025-02-07,112.0,107.80000305175781,114.9000015258789,106.80000305175781,2232239,-3.7499972752162387
AML.L,2025-02-10,108.0,113.0,113.5,107.0,2385948,4.62962962962963
AML.L,2025-02-10,108.0,113.0,113.5,107.0,2385948,4.62962962962963
AML.L,2025-02-11,113.0,112.4000015258789,113.69999694824219,109.0,1795954,-0.5309721009921183
AML.L,2025-02-11,113.0,112.4000015258789,113.69999694824219,109.0,1795954,-0.5309721009921183
AML.L,2025-02-12,112.5,113.4000015258789,114.5999984741211,110.9000015258789,1809695,0.8000013563368056
AML.L,2025-02-12,112.5,113.4000015258789,114.5999984741211,110.9000015258789,1809695,0.8000013563368056
AML.L,2025-02-13,113.19999694824219,114.5,115.80000305175781,112.80000305175781,2316360,1.1484126208521064
AML.L,2025-02-13,113.19999694824219,114.5,115.80000305175781,112.80000305175781,2316360,1.1484126208521064
AML.L,2025-02-14,114.9000015258789,112.30000305175781,115.9000015258789,111.9000015258789,1281833,-2.2628358917258122
AML.L,2025-02-14,114.9000015258789,112.30000305175781,115.9000015258789,111.9000015258789,1281833,-2.2628358917258122
AML.L,2025-02-17,112.30000305175781,118.9000015258789,119.9000015258789,111.86699676513672,2369141,5.877113352418369
AML.L,2025-02-17,112.30000305175781,118.9000015258789,119.9000015258789,111.86699676513672,2369141,5.877113352418369
AML.L,2025-02-18,117.80000305175781,116.4000015258789,119.80000305175781,116.30000305175781,787204,-1.1884562730136665
AML.L,2025-02-18,117.80000305175781,116.4000015258789,119.80000305175781,116.30000305175781,787204,-1.1884562730136665
AML.L,2025-02-19,116.0999984741211,114.5,117.19999694824219,113.80000305175781,814720,-1.3781210121873828
AML.L,2025-02-19,116.0999984741211,114.5,117.19999694824219,113.80000305175781,814720,-1.3781210121873828
AML.L,2025-02-20,113.9000015258789,113.4000015258789,116.5999984741211,112.5999984741211,846144,-0.43898155689347945
AML.L,2025-02-20,113.9000015258789,113.4000015258789,116.5999984741211,112.5999984741211,846144,-0.43898155689347945
AML.L,2025-02-21,115.4000015258789,119.0,122.0,113.5,2677344,3.1195826919584397
AML.L,2025-02-21,115.4000015258789,119.0,122.0,113.5,2677344,3.1195826919584397
AML.L,2025-02-24,118.5999984741211,115.19999694824219,121.30000305175781,114.5,1283205,-2.8667804128351633
AML.L,2025-02-24,118.5999984741211,115.19999694824219,121.30000305175781,114.5,1283205,-2.8667804128351633
AML.L,2025-02-25,112.5999984741211,110.19999694824219,113.5999984741211,110.0,2527118,-2.1314401051528433
AML.L,2025-02-25,112.5999984741211,110.19999694824219,113.5999984741211,110.0,2527118,-2.1314401051528433
AML.L,2025-02-26,115.0999984741211,97.0,116.5,93.5,18404893,-15.725455007882271
AML.L,2025-02-26,115.0999984741211,97.0,116.5,93.5,18404893,-15.725455007882271
AML.L,2025-02-27,95.0,85.0,96.69999694824219,84.4000015258789,14933043,-10.526315789473683
AML.L,2025-02-27,95.0,85.0,96.69999694824219,84.4000015258789,14933043,-10.526315789473683
AML.L,2025-02-28,84.1500015258789,82.9000015258789,86.19999694824219,79.1500015258789,9542179,-1.485442634977949
AML.L,2025-02-28,84.1500015258789,82.9000015258789,86.19999694824219,79.1500015258789,9542179,-1.485442634977949
AML.L,2025-03-03,83.30000305175781,82.8499984741211,85.25,79.55000305175781,3884328,-0.5402215620053602
AML.L,2025-03-03,83.30000305175781,82.8499984741211,85.25,79.55000305175781,3884328,-0.5402215620053602
AML.L,2025-03-04,81.44999694824219,75.25,82.5,72.65899658203125,7586735,-7.612028459843905
AML.L,2025-03-04,81.44999694824219,75.25,82.5,72.65899658203125,7586735,-7.612028459843905
AML.L,2025-03-05,78.19999694824219,86.0,87.44999694824219,78.0999984741211,4052503,9.974428844185708
AML.L,2025-03-05,78.19999694824219,86.0,87.44999694824219,78.0999984741211,4052503,9.974428844185708
AML.L,2025-03-06,87.8499984741211,86.3499984741211,89.0,84.4000015258789,3284577,-1.707455920379863
AML.L,2025-03-06,87.8499984741211,86.3499984741211,89.0,84.4000015258789,3284577,-1.707455920379863
AML.L,2025-03-07,85.80000305175781,84.0,87.25,81.0999984741211,2419645,-2.097905580110507
AML.L,2025-03-07,85.80000305175781,84.0,87.25,81.0999984741211,2419645,-2.097905580110507
AML.L,2025-03-10,84.5,81.5999984741211,87.4000015258789,80.5,1495726,-3.4319544684957473
AML.L,2025-03-10,84.5,81.5999984741211,87.4000015258789,80.5,1495726,-3.4319544684957473
AML.L,2025-03-11,82.0,81.94999694824219,85.44999694824219,80.55000305175781,1839220,-0.06097933141196646
AML.L,2025-03-11,82.0,81.94999694824219,85.44999694824219,80.55000305175781,1839220,-0.06097933141196646
AML.L,2025-03-12,82.80000305175781,80.30000305175781,83.0,77.05000305175781,2961950,-3.0193235602144415
AML.L,2025-03-12,82.80000305175781,80.30000305175781,83.0,77.05000305175781,2961950,-3.0193235602144415
AML.L,2025-03-13,80.80000305175781,80.80000305175781,80.80000305175781,77.6500015258789,2608595,0.0
AML.L,2025-03-13,80.80000305175781,80.80000305175781,80.80000305175781,77.6500015258789,2608595,0.0
AML.L,2025-03-14,80.55000305175781,80.75,82.19999694824219,78.4000015258789,1384667,0.24828918766604943
AML.L,2025-03-14,80.55000305175781,80.75,82.19999694824219,78.4000015258789,1384667,0.24828918766604943
AML.L,2025-03-17,81.75,80.94999694824219,83.19999694824219,80.19999694824219,1531093,-0.9785970052083334
AML.L,2025-03-17,81.75,80.94999694824219,83.19999694824219,80.19999694824219,1531093,-0.9785970052083334
AML.L,2025-03-18,81.8499984741211,78.3499984741211,83.80000305175781,78.3499984741211,2138290,-4.27611492394421
AML.L,2025-03-18,81.8499984741211,78.3499984741211,83.80000305175781,78.3499984741211,2138290,-4.27611492394421
AML.L,2025-03-19,78.0,77.69999694824219,79.09600067138672,76.9000015258789,2166694,-0.38461929712540066
AML.L,2025-03-19,78.0,77.69999694824219,79.09600067138672,76.9000015258789,2166694,-0.38461929712540066
AML.L,2025-03-20,78.5,77.44999694824219,79.69999694824219,75.5999984741211,3556063,-1.337583505423965
AML.L,2025-03-20,78.5,77.44999694824219,79.69999694824219,75.5999984741211,3556063,-1.337583505423965
AML.L,2025-03-21,76.5,76.30000305175781,78.30000305175781,74.4000015258789,5111445,-0.26143391927083337
AML.L,2025-03-21,76.5,76.30000305175781,78.30000305175781,74.4000015258789,5111445,-0.26143391927083337
AML.L,2025-03-24,77.30000305175781,72.75,80.05000305175781,72.25,3250649,-5.886161542207526
AML.L,2025-03-24,77.30000305175781,72.75,80.05000305175781,72.25,3250649,-5.886161542207526
AML.L,2025-03-25,73.4000015258789,72.8499984741211,77.9000015258789,72.25,1911691,-0.749322943220779
AML.L,2025-03-25,73.4000015258789,72.8499984741211,77.9000015258789,72.25,1911691,-0.749322943220779
AML.L,2025-03-26,75.19999694824219,73.5999984741211,75.19999694824219,72.25,5631196,-2.127657631718154
AML.L,2025-03-26,75.19999694824219,73.5999984741211,75.19999694824219,72.25,5631196,-2.127657631718154
AML.L,2025-03-27,72.80000305175781,68.69999694824219,75.94999694824219,67.05000305175781,6000750,-5.63187627973132
AML.L,2025-03-27,72.80000305175781,68.69999694824219,75.94999694824219,67.05000305175781,6000750,-5.63187627973132
AML.L,2025-03-28,68.30000305175781,65.25,69.8499984741211,65.25,5121579,-4.4655972408178615
AML.L,2025-03-28,68.30000305175781,65.25,69.8499984741211,65.25,5121579,-4.4655972408178615
AML.L,2025-03-31,74.0,69.8499984741211,74.94999694824219,67.5999984741211,6137962,-5.60811017010663
AML.L,2025-03-31,74.0,69.8499984741211,74.94999694824219,67.5999984741211,6137962,-5.60811017010663
AML.L,2025-04-01,71.0,69.69999694824219,72.80000305175781,68.25,3032945,-1.830990213743398
AML.L,2025-04-01,71.0,69.69999694824219,72.80000305175781,68.25,3032945,-1.830990213743398
AML.L,2025-04-02,68.8499984741211,71.0,72.8499984741211,67.0,2514958,3.122732859154725
AML.L,2025-04-02,68.8499984741211,71.0,72.8499984741211,67.0,2514958,3.122732859154725
AML.L,2025-04-03,69.94999694824219,69.1500015258789,72.05000305175781,68.4000015258789,1825064,-1.14366755863509
AML.L,2025-04-03,69.94999694824219,69.1500015258789,72.05000305175781,68.4000015258789,1825064,-1.14366755863509
AML.L,2025-04-04,69.1500015258789,62.099998474121094,71.10600280761719,58.5,6143870,-10.195231953999881
AML.L,2025-04-04,69.1500015258789,62.099998474121094,71.10600280761719,58.5,6143870,-10.195231953999881
AML.L,2025-04-07,60.04999923706055,60.29999923706055,64.5,56.0,6112732,0.41631973884474194
AML.L,2025-04-07,60.04999923706055,60.29999923706055,64.5,56.0,6112732,0.41631973884474194
AML.L,2025-04-08,61.0,59.849998474121094,62.79999923706055,59.45000076293945,4295152,-1.8852484030801742
AML.L,2025-04-08,61.0,59.849998474121094,62.79999923706055,59.45000076293945,4295152,-1.8852484030801742
AML.L,2025-04-09,59.45000076293945,59.95000076293945,61.54999923706055,57.04999923706055,2921813,0.8410428823942002
AML.L,2025-04-09,59.45000076293945,59.95000076293945,61.54999923706055,57.04999923706055,2921813,0.8410428823942002
AML.L,2025-04-10,69.44999694824219,62.29999923706055,69.44999694824219,61.25,2875542,-10.29517354264277
AML.L,2025-04-10,69.44999694824219,62.29999923706055,69.44999694824219,61.25,2875542,-10.29517354264277
AML.L,2025-04-11,62.70000076293945,61.849998474121094,64.0,60.5,1891078,-1.3556655159098123
AML.L,2025-04-11,62.70000076293945,61.849998474121094,64.0,60.5,1891078,-1.3556655159098123
AML.L,2025-04-14,63.900001525878906,65.6500015258789,65.94999694824219,62.099998474121094,1760782,2.7386540817080673
AML.L,2025-04-14,63.900001525878906,65.6500015258789,65.94999694824219,62.099998474121094,1760782,2.7386540817080673
AML.L,2025-04-15,67.0,67.05000305175781,69.5,66.30000305175781,2317957,0.0746314205340485
AML.L,2025-04-15,67.0,67.05000305175781,69.5,66.30000305175781,2317957,0.0746314205340485
AML.L,2025-04-16,66.69999694824219,65.5,68.30000305175781,64.8499984741211,810030,-1.799095956740988
AML.L,2025-04-16,66.69999694824219,65.5,68.30000305175781,64.8499984741211,810030,-1.799095956740988
AML.L,2025-04-17,65.69999694824219,63.95000076293945,67.94999694824219,63.45000076293945,1521650,-2.6636168441246113
AML.L,2025-04-17,65.69999694824219,63.95000076293945,67.94999694824219,63.45000076293945,1521650,-2.6636168441246113
AML.L,2025-04-22,64.69999694824219,63.5,65.30000305175781,62.6510009765625,1217505,-1.8547094356158078
AML.L,2025-04-22,64.69999694824219,63.5,65.30000305175781,62.6510009765625,1217505,-1.8547094356158078
AML.L,2025-04-23,64.5999984741211,66.5999984741211,68.05000305175781,62.0,1723438,3.0959753053263683
AML.L,2025-04-23,64.5999984741211,66.5999984741211,68.05000305175781,62.0,1723438,3.0959753053263683
AML.L,2025-04-24,66.19999694824219,67.3499984741211,68.94999694824219,63.95000076293945,1372013,1.7371625058805116
AML.L,2025-04-24,66.19999694824219,67.3499984741211,68.94999694824219,63.95000076293945,1372013,1.7371625058805116
AML.L,2025-04-25,68.0,69.05000305175781,69.94999694824219,67.19999694824219,1905068,1.5441221349379597
AML.L,2025-04-25,68.0,69.05000305175781,69.94999694824219,67.19999694824219,1905068,1.5441221349379597
AML.L,2025-04-28,70.0,71.75,73.25,69.94999694824219,1651501,2.5
AML.L,2025-04-28,70.0,71.75,73.25,69.94999694824219,1651501,2.5
AML.L,2025-04-29,72.0,69.9000015258789,74.0,68.5,3173374,-2.916664547390408
AML.L,2025-04-29,72.0,69.9000015258789,74.0,68.5,3173374,-2.916664547390408
AML.L,2025-04-30,69.0,67.3499984741211,72.9000015258789,66.5999984741211,1717574,-2.391306559244792
AML.L,2025-04-30,69.0,67.3499984741211,72.9000015258789,66.5999984741211,1717574,-2.391306559244792
AML.L,2025-05-01,68.0,70.6500015258789,71.69999694824219,67.6500015258789,800174,3.89706106746898
AML.L,2025-05-01,68.0,70.6500015258789,71.69999694824219,67.6500015258789,800174,3.89706106746898
AML.L,2025-05-02,70.94999694824219,69.69999694824219,72.6500015258789,67.6050033569336,1449108,-1.761804163165604
AML.L,2025-05-02,70.94999694824219,69.69999694824219,72.6500015258789,67.6050033569336,1449108,-1.761804163165604
AML.L,2025-05-06,71.44999694824219,69.4000015258789,72.55000305175781,67.75,881275,-2.8691329739989797
AML.L,2025-05-06,71.44999694824219,69.4000015258789,72.55000305175781,67.75,881275,-2.8691329739989797
AML.L,2025-05-07,71.44999694824219,70.0,74.0,68.05000305175781,2206026,-2.029386998144386
AML.L,2025-05-07,71.44999694824219,70.0,74.0,68.05000305175781,2206026,-2.029386998144386
AML.L,2025-05-08,73.0,79.69999694824219,80.19999694824219,71.0999984741211,6638214,9.178078011290667
AML.L,2025-05-08,73.0,79.69999694824219,80.19999694824219,71.0999984741211,6638214,9.178078011290667
AML.L,2025-05-09,79.9000015258789,80.30000305175781,82.0,77.5999984741211,4492931,0.5006276824029212
AML.L,2025-05-09,79.9000015258789,80.30000305175781,82.0,77.5999984741211,4492931,0.5006276824029212
AML.L,2025-05-12,82.0,79.0999984741211,83.05000305175781,78.0,2970428,-3.536587226681593
AML.L,2025-05-12,82.0,79.0999984741211,83.05000305175781,78.0,2970428,-3.536587226681593
AML.L,2025-05-13,80.0,83.8499984741211,84.19999694824219,80.0,3072119,4.812498092651367
AML.L,2025-05-13,80.0,83.8499984741211,84.19999694824219,80.0,3072119,4.812498092651367
AML.L,2025-05-14,84.0,83.3499984741211,85.8499984741211,81.3499984741211,2304064,-0.7738113403320312
AML.L,2025-05-14,84.0,83.3499984741211,85.8499984741211,81.3499984741211,2304064,-0.7738113403320312
AML.L,2025-05-15,83.0,79.5999984741211,83.69999694824219,78.25,2141274,-4.096387380576996
AML.L,2025-05-15,83.0,79.5999984741211,83.69999694824219,78.25,2141274,-4.096387380576996
AML.L,2025-05-16,78.75,78.19999694824219,83.44999694824219,77.0999984741211,1437164,-0.6984165736607143
AML.L,2025-05-16,78.75,78.19999694824219,83.44999694824219,77.0999984741211,1437164,-0.6984165736607143
AML.L,2025-05-19,76.8499984741211,75.25,79.5,75.25,1664600,-2.0819759347944378
AML.L,2025-05-19,76.8499984741211,75.25,79.5,75.25,1664600,-2.0819759347944378
AML.L,2025-05-20,77.0,76.30000305175781,77.6989974975586,74.19999694824219,1343933,-0.9090869457690746
AML.L,2025-05-20,77.0,76.30000305175781,77.6989974975586,74.19999694824219,1343933,-0.9090869457690746
AML.L,2025-05-21,75.6500015258789,77.5999984741211,78.6500015258789,74.44999694824219,1188942,2.5776561915535696
AML.L,2025-05-21,75.6500015258789,77.5999984741211,78.6500015258789,74.44999694824219,1188942,2.5776561915535696
AML.L,2025-05-22,77.19999694824219,75.55000305175781,78.55000305175781,75.19999694824219,994836,-2.1372978778620855
AML.L,2025-05-22,77.19999694824219,75.55000305175781,78.55000305175781,75.19999694824219,994836,-2.1372978778620855
AML.L,2025-05-23,75.05000305175781,75.25,78.69999694824219,73.75,1539870,0.2664849301928219
AML.L,2025-05-23,75.05000305175781,75.25,78.69999694824219,73.75,1539870,0.2664849301928219
AML.L,2025-05-27,76.80000305175781,78.19999694824219,80.3499984741211,76.05000305175781,2148969,1.8229086469448148
AML.L,2025-05-27,76.80000305175781,78.19999694824219,80.3499984741211,76.05000305175781,2148969,1.8229086469448148
AML.L,2025-05-28,79.1500015258789,78.5,80.80000305175781,78.05000305175781,798995,-0.8212274331623122
AML.L,2025-05-28,79.1500015258789,78.5,80.80000305175781,78.05000305175781,798995,-0.8212274331623122
AML.L,2025-05-29,81.94999694824219,80.3499984741211,82.44999694824219,78.80000305175781,1307393,-1.9524082168442516
AML.L,2025-05-29,81.94999694824219,80.3499984741211,82.44999694824219,78.80000305175781,1307393,-1.9524082168442516
AML.L,2025-05-30,81.5999984741211,84.19999694824219,85.69999694824219,80.3499984741211,2992798,3.186272699435976
AML.L,2025-05-30,81.5999984741211,84.19999694824219,85.69999694824219,80.3499984741211,2992798,3.186272699435976
AML.L,2025-06-02,83.6500015258789,83.4000015258789,84.8499984741211,82.05000305175781,1189307,-0.29886431014906456
AML.L,2025-06-02,83.6500015258789,83.4000015258789,84.8499984741211,82.05000305175781,1189307,-0.29886431014906456
AML.L,2025-06-03,84.9000015258789,83.19999694824219,84.9000015258789,81.30000305175781,1559446,-2.0023610684135615
AML.L,2025-06-03,84.9000015258789,83.19999694824219,84.9000015258789,81.30000305175781,1559446,-2.0023610684135615
AML.L,2025-06-04,83.0999984741211,80.94999694824219,84.94999694824219,80.75,1818731,-2.5872461676981344
AML.L,2025-06-04,83.0999984741211,80.94999694824219,84.94999694824219,80.75,1818731,-2.5872461676981344
AML.L,2025-06-05,80.3499984741211,81.3499984741211,82.25,79.44999694824219,794848,1.2445550951965199
AML.L,2025-06-05,80.3499984741211,81.3499984741211,82.25,79.44999694824219,794848,1.2445550951965199
AML.L,2025-06-06,84.1500015258789,83.75,84.94999694824219,80.94999694824219,1654633,-0.4753434564774102
AML.L,2025-06-06,84.1500015258789,83.75,84.94999694824219,80.94999694824219,1654633,-0.4753434564774102
AML.L,2025-06-09,83.5999984741211,82.30000305175781,85.0,82.30000305175781,1624467,-1.555018476185383
AML.L,2025-06-09,83.5999984741211,82.30000305175781,85.0,82.30000305175781,1624467,-1.555018476185383
AML.L,2025-06-10,85.0,87.19999694824219,87.19999694824219,83.55000305175781,2018961,2.5882317038143383
AML.L,2025-06-10,85.0,87.19999694824219,87.19999694824219,83.55000305175781,2018961,2.5882317038143383
AML.L,2025-06-11,88.0,88.0,89.0,86.69999694824219,1257115,0.0
AML.L,2025-06-11,88.0,88.0,89.0,86.69999694824219,1257115,0.0
AML.L,2025-06-12,88.69999694824219,86.55000305175781,88.94999694824219,84.69999694824219,903886,-2.423893991494644
AML.L,2025-06-12,88.69999694824219,86.55000305175781,88.94999694824219,84.69999694824219,903886,-2.423893991494644
AML.L,2025-06-13,85.0,84.5,86.94999694824219,81.05000305175781,1352514,-0.5882352941176471
AML.L,2025-06-13,85.0,84.5,86.94999694824219,81.05000305175781,1352514,-0.5882352941176471
AML.L,2025-06-16,88.19999694824219,85.6500015258789,88.19999694824219,83.30000305175781,1300730,-2.8911513725558042
AML.L,2025-06-16,88.19999694824219,85.6500015258789,88.19999694824219,83.30000305175781,1300730,-2.8911513725558042
AML.L,2025-06-17,87.8499984741211,84.6500015258789,87.8499984741211,83.8499984741211,1267615,-3.6425691563157447
AML.L,2025-06-17,87.8499984741211,84.6500015258789,87.8499984741211,83.8499984741211,1267615,-3.6425691563157447
AML.L,2025-06-18,84.94999694824219,86.75,86.75,83.19999694824219,1059387,2.1188971352812493
AML.L,2025-06-18,84.94999694824219,86.75,86.75,83.19999694824219,1059387,2.1188971352812493
AML.L,2025-06-19,85.1500015258789,83.4000015258789,85.8499984741211,82.75,767582,-2.055196674856356
AML.L,2025-06-19,85.1500015258789,83.4000015258789,85.8499984741211,82.75,767582,-2.055196674856356
AML.L,2025-06-20,85.94999694824219,84.19999694824219,86.9000015258789,82.1500015258789,11422282,-2.0360675533866788
AML.L,2025-06-20,85.94999694824219,84.19999694824219,86.9000015258789,82.1500015258789,11422282,-2.0360675533866788
AML.L,2025-06-23,82.5,81.25,84.44999694824219,79.5,2073845,-1.5151515151515151
AML.L,2025-06-23,82.5,81.25,84.44999694824219,79.5,2073845,-1.5151515151515151
AML.L,2025-06-24,83.0,80.05000305175781,83.5,79.5999984741211,2166155,-3.554213190653238
AML.L,2025-06-24,83.0,80.05000305175781,83.5,79.5999984741211,2166155,-3.554213190653238
AML.L,2025-06-25,81.75,81.1500015258789,82.69999694824219,79.94999694824219,1668440,-0.7339430876099006
AML.L,2025-06-25,81.75,81.1500015258789,82.69999694824219,79.94999694824219,1668440,-0.7339430876099006
AML.L,2025-06-26,82.0,81.44999694824219,82.83200073242188,80.9000015258789,1218120,-0.670735428972942
AML.L,2025-06-26,82.0,81.44999694824219,82.83200073242188,80.9000015258789,1218120,-0.670735428972942
AML.L,2025-06-27,82.0,81.5999984741211,82.94999694824219,79.54900360107422,1429243,-0.48780673887671494
AML.L,2025-06-27,82.0,81.5999984741211,82.94999694824219,79.54900360107422,1429243,-0.48780673887671494
AML.L,2025-06-30,81.25,80.0,82.69999694824219,79.05000305175781,1579504,-1.5384615384615385
AML.L,2025-06-30,81.25,80.0,82.69999694824219,79.05000305175781,1579504,-1.5384615384615385
AML.L,2025-07-01,80.25,81.94999694824219,82.25,79.05000305175781,1364125,2.1183762594918223
AML.L,2025-07-01,80.25,81.94999694824219,82.25,79.05000305175781,1364125,2.1183762594918223
AML.L,2025-07-02,82.30000305175781,81.0999984741211,85.44999694824219,81.0999984741211,2792524,-1.4580857024780978
AML.L,2025-07-02,82.30000305175781,81.0999984741211,85.44999694824219,81.0999984741211,2792524,-1.4580857024780978
AML.L,2025-07-03,82.55000305175781,83.8499984741211,84.55000305175781,81.5999984741211,1295423,1.5747975460984542
AML.L,2025-07-03,82.55000305175781,83.8499984741211,84.55000305175781,81.5999984741211,1295423,1.5747975460984542
AML.L,2025-07-04,82.9000015258789,80.94999694824219,85.30000305175781,80.23999786376953,1789231,-2.3522370829245225
AML.L,2025-07-04,82.9000015258789,80.94999694824219,85.30000305175781,80.23999786376953,1789231,-2.3522370829245225
AML.L,2025-07-07,79.9000015258789,80.5,82.94999694824219,79.69999694824219,1403751,0.7509367492649666
AML.L,2025-07-07,79.9000015258789,80.5,82.94999694824219,79.69999694824219,1403751,0.7509367492649666
AML.L,2025-07-08,81.0,80.0999984741211,83.0,79.05000305175781,1405660,-1.1111129949122298
AML.L,2025-07-08,81.0,80.0999984741211,83.0,79.05000305175781,1405660,-1.1111129949122298
AML.L,2025-07-09,79.3499984741211,79.8499984741211,80.44999694824219,78.19999694824219,1123254,0.630119734864353
AML.L,2025-07-09,79.3499984741211,79.8499984741211,80.44999694824219,78.19999694824219,1123254,0.630119734864353
AML.L,2025-07-10,80.0,81.75,83.80000305175781,80.0,2368254,2.1875
AML.L,2025-07-10,80.0,81.75,83.80000305175781,80.0,2368254,2.1875
AML.L,2025-07-11,83.0,80.30000305175781,83.0,78.55000305175781,2072474,-3.2530083713761293
AML.L,2025-07-11,83.0,80.30000305175781,83.0,78.55000305175781,2072474,-3.2530083713761293
AML.L,2025-07-14,79.0,80.9000015258789,81.5999984741211,79.0,809310,2.4050652226315266
AML.L,2025-07-14,79.0,80.9000015258789,81.5999984741211,79.0,809310,2.4050652226315266
AML.L,2025-07-15,81.25,79.9000015258789,81.5,79.05000305175781,1613788,-1.661536583533654
AML.L,2025-07-15,81.25,79.9000015258789,81.5,79.05000305175781,1613788,-1.661536583533654
AML.L,2025-07-16,79.0,74.0,81.19999694824219,74.0,2603342,-6.329113924050633
AML.L,2025-07-16,79.0,74.0,81.19999694824219,74.0,2603342,-6.329113924050633
AML.L,2025-07-17,75.0,76.69999694824219,78.0,74.6500015258789,1564855,2.26666259765625
AML.L,2025-07-17,75.0,76.69999694824219,78.0,74.6500015258789,1564855,2.26666259765625
AML.L,2025-07-18,77.5,76.44999694824219,78.0,75.80000305175781,979157,-1.3548426474294355
AML.L,2025-07-18,77.5,76.44999694824219,78.0,75.80000305175781,979157,-1.3548426474294355
AML.L,2025-07-21,76.75,76.44999694824219,78.05000305175781,75.6500015258789,867769,-0.3908834550590391
AML.L,2025-07-21,76.75,76.44999694824219,78.05000305175781,75.6500015258789,867769,-0.3908834550590391
AML.L,2025-07-22,76.0,74.9000015258789,76.9000015258789,74.0,866606,-1.4473664133172286
AML.L,2025-07-22,76.0,74.9000015258789,76.9000015258789,74.0,866606,-1.4473664133172286
AML.L,2025-07-23,76.05000305175781,81.0,81.6500015258789,76.05000305175781,2918474,6.508871465624187
AML.L,2025-07-23,76.05000305175781,81.0,81.6500015258789,76.05000305175781,2918474,6.508871465624187
AML.L,2025-07-24,81.1500015258789,83.0,84.75,80.44999694824219,2073062,2.279726973918941
AML.L,2025-07-24,81.1500015258789,83.0,84.75,80.44999694824219,2073062,2.279726973918941
AML.L,2025-07-25,82.0999984741211,84.8499984741211,85.55000305175781,81.96900177001953,1548632,3.349573752875078
AML.L,2025-07-25,82.0999984741211,84.8499984741211,85.55000305175781,81.96900177001953,1548632,3.349573752875078
AML.L,2025-07-28,83.0,81.75,87.6500015258789,81.0999984741211,1903381,-1.5060240963855422
AML.L,2025-07-28,83.0,81.75,87.6500015258789,81.0999984741211,1903381,-1.5060240963855422
AML.L,2025-07-29,81.25,78.75,83.25,78.17500305175781,2372792,-3.076923076923077
AML.L,2025-07-29,81.25,78.75,83.25,78.17500305175781,2372792,-3.076923076923077
AML.L,2025-07-30,75.4000015258789,71.0999984741211,78.0,71.0999984741211,5260930,-5.702921703896728
AML.L,2025-07-30,75.4000015258789,71.0999984741211,78.0,71.0999984741211,5260930,-5.702921703896728
AML.L,2025-07-31,71.94999694824219,70.05000305175781,73.69999694824219,69.9000015258789,2452160,-2.64071435312381
AML.L,2025-07-31,71.94999694824219,70.05000305175781,73.69999694824219,69.9000015258789,2452160,-2.64071435312381
AML.L,2025-08-01,69.55000305175781,67.05000305175781,70.9000015258789,66.3499984741211,2553835,-3.594536147093404
AML.L,2025-08-01,69.55000305175781,67.05000305175781,70.9000015258789,66.3499984741211,2553835,-3.594536147093404
AML.L,2025-08-04,67.0999984741211,71.5999984741211,72.55000305175781,67.0999984741211,2400211,6.706408498258827
AML.L,2025-08-04,67.0999984741211,71.5999984741211,72.55000305175781,67.0999984741211,2400211,6.706408498258827
AML.L,2025-08-05,73.25,70.3499984741211,73.5999984741211,69.74700164794922,1414609,-3.959046451711817
AML.L,2025-08-05,73.25,70.3499984741211,73.5999984741211,69.74700164794922,1414609,-3.959046451711817
AML.L,2025-08-06,70.69999694824219,71.25,73.94999694824219,69.94999694824219,1351263,0.7779392864195692
AML.L,2025-08-06,70.69999694824219,71.25,73.94999694824219,69.94999694824219,1351263,0.7779392864195692
AML.L,2025-08-07,71.25,72.5999984741211,73.69999694824219,71.05000305175781,724786,1.8947347005208333
AML.L,2025-08-07,71.25,72.5999984741211,73.69999694824219,71.05000305175781,724786,1.8947347005208333
AML.L,2025-08-08,74.0,74.9000015258789,75.44999694824219,73.0,1167763,1.2162182782147382
AML.L,2025-08-08,74.0,74.9000015258789,75.44999694824219,73.0,1167763,1.2162182782147382
AML.L,2025-08-11,75.0,73.80000305175781,75.80000305175781,73.6510009765625,966266,-1.5999959309895833
AML.L,2025-08-11,75.0,73.80000305175781,75.80000305175781,73.6510009765625,966266,-1.5999959309895833
AML.L,2025-08-12,72.69999694824219,72.5999984741211,74.94999694824219,71.9000015258789,713315,-0.13754948874659012
AML.L,2025-08-12,72.69999694824219,72.5999984741211,74.94999694824219,71.9000015258789,713315,-0.13754948874659012
AML.L,2025-08-13,74.05000305175781,73.19999694824219,74.94999694824219,72.55000305175781,786118,-1.1478812538623486
AML.L,2025-08-13,74.05000305175781,73.19999694824219,74.94999694824219,72.55000305175781,786118,-1.1478812538623486
AML.L,2025-08-14,74.0,75.75,76.44999694824219,72.55000305175781,1682603,2.364864864864865
AML.L,2025-08-14,74.0,75.75,76.44999694824219,72.55000305175781,1682603,2.364864864864865
AML.L,2025-08-15,74.0,75.25,77.0,74.0,789160,1.6891891891891893
AML.L,2025-08-15,74.0,75.25,77.0,74.0,789160,1.6891891891891893
AML.L,2025-08-18,77.0,75.3499984741211,77.0,73.5999984741211,508368,-2.1428591245180604
AML.L,2025-08-18,77.0,75.3499984741211,77.0,73.5999984741211,508368,-2.1428591245180604
AML.L,2025-08-19,73.8499984741211,78.05000305175781,78.5999984741211,73.55000305175781,1676588,5.68721010753779
AML.L,2025-08-19,73.8499984741211,78.05000305175781,78.5999984741211,73.55000305175781,1676588,5.68721010753779
AML.L,2025-08-20,78.75,76.0,78.75,75.5,1203401,-3.492063492063492
AML.L,2025-08-20,78.75,76.0,78.75,75.5,1203401,-3.492063492063492
AML.L,2025-08-21,75.5999984741211,76.19999694824219,77.25,74.80000305175781,581826,0.7936487913111288
AML.L,2025-08-21,75.5999984741211,76.19999694824219,77.25,74.80000305175781,581826,0.7936487913111288
AML.L,2025-08-22,75.5999984741211,78.25,79.0999984741211,75.55000305175781,1322250,3.5052930943987226
AML.L,2025-08-22,75.5999984741211,78.25,79.0999984741211,75.55000305175781,1322250,3.5052930943987226
AML.L,2025-08-26,77.3499984741211,78.3499984741211,78.3499984741211,76.4000015258789,1312224,1.2928248477400668
AML.L,2025-08-26,77.3499984741211,78.3499984741211,78.3499984741211,76.4000015258789,1312224,1.2928248477400668
AML.L,2025-08-27,77.0999984741211,76.30000305175781,79.5,76.30000305175781,707879,-1.0376075722385425
AML.L,2025-08-27,77.0999984741211,76.30000305175781,79.5,76.30000305175781,707879,-1.0376075722385425
AML.L,2025-08-28,76.4000015258789,76.80000305175781,79.0,76.3499984741211,1126954,0.5235621961910748
AML.L,2025-08-28,76.4000015258789,76.80000305175781,79.0,76.3499984741211,1126954,0.5235621961910748
AML.L,2025-08-29,76.0,73.1500015258789,77.05000305175781,71.8499984741211,2230082,-3.7499979922645967
AML.L,2025-08-29,76.0,73.1500015258789,77.05000305175781,71.8499984741211,2230082,-3.7499979922645967
AML.L,2025-09-01,73.05000305175781,73.75,76.5,73.05000305175781,1193993,0.9582435578356123
AML.L,2025-09-01,73.05000305175781,73.75,76.5,73.05000305175781,1193993,0.9582435578356123
AML.L,2025-09-02,75.0,72.75,75.0,71.0,1751797,-3.0
AML.L,2025-09-02,75.0,72.75,75.0,71.0,1751797,-3.0
AML.L,2025-09-03,71.55000305175781,72.19999694824219,74.94999694824219,71.3499984741211,700061,0.9084470562694213
AML.L,2025-09-03,71.55000305175781,72.19999694824219,74.94999694824219,71.3499984741211,700061,0.9084470562694213
AML.L,2025-09-04,74.75,72.69999694824219,74.75,72.0,817342,-2.742478999007107
AML.L,2025-09-04,74.75,72.69999694824219,74.75,72.0,817342,-2.742478999007107
AML.L,2025-09-05,72.9000015258789,73.25,74.44999694824219,72.9000015258789,429969,0.4801076362074521
AML.L,2025-09-05,72.9000015258789,73.25,74.44999694824219,72.9000015258789,429969,0.4801076362074521
AML.L,2025-09-08,73.5,72.69999694824219,74.55000305175781,71.7020034790039,505961,-1.0884395262011055
AML.L,2025-09-08,73.5,72.69999694824219,74.55000305175781,71.7020034790039,505961,-1.0884395262011055
AML.L,2025-09-09,71.0,71.25,74.05000305175781,70.9219970703125,882002,0.35211267605633806
AML.L,2025-09-09,71.0,71.25,74.05000305175781,70.9219970703125,882002,0.35211267605633806
AML.L,2025-09-10,71.25,71.0,71.69999694824219,69.75,1039220,-0.3508771929824561
AML.L,2025-09-10,71.25,71.0,71.69999694824219,69.75,1039220,-0.3508771929824561
AML.L,2025-09-11,71.3499984741211,73.0999984741211,73.75,71.0999984741211,1074610,2.4526980202175217
AML.L,2025-09-11,71.3499984741211,73.0999984741211,73.75,71.0999984741211,1074610,2.4526980202175217
AML.L,2025-09-12,70.9000015258789,73.55000305175781,74.8499984741211,70.9000015258789,764156,3.737660745905119
AML.L,2025-09-12,70.9000015258789,73.55000305175781,74.8499984741211,70.9000015258789,764156,3.737660745905119
AML.L,2025-09-15,72.80000305175781,75.0,75.7490005493164,72.69999694824219,885437,3.021973703322622
AML.L,2025-09-15,72.80000305175781,75.0,75.7490005493164,72.69999694824219,885437,3.021973703322622
AML.L,2025-09-16,75.69999694824219,76.0,77.1500015258789,73.0,1092216,0.39630523626431774
AML.L,2025-09-16,75.69999694824219,76.0,77.1500015258789,73.0,1092216,0.39630523626431774
AML.L,2025-09-17,76.0,81.94999694824219,82.0,75.05000305175781,3008382,7.828943352950246
AML.L,2025-09-17,76.0,81.94999694824219,82.0,75.05000305175781,3008382,7.828943352950246
AML.L,2025-09-18,81.94999694824219,82.0,83.44499969482422,80.6500015258789,1518120,0.06101653888943196
AML.L,2025-09-18,81.94999694824219,82.0,83.44499969482422,80.6500015258789,1518120,0.06101653888943196
AML.L,2025-09-19,84.0,80.69999694824219,84.69999694824219,78.92500305175781,3219343,-3.9285750616164434
AML.L,2025-09-19,84.0,80.69999694824219,84.69999694824219,78.92500305175781,3219343,-3.9285750616164434
AML.L,2025-09-22,79.75,79.5,81.0,77.5,635464,-0.3134796238244514
AML.L,2025-09-22,79.75,79.5,81.0,77.5,635464,-0.3134796238244514
AML.L,2025-09-23,79.5,81.4000015258789,83.75,79.05000305175781,1686640,2.389939026262775
AML.L,2025-09-23,79.5,81.4000015258789,83.75,79.05000305175781,1686640,2.389939026262775
AML.L,2025-09-24,81.0,80.3499984741211,81.25,77.75,1170967,-0.8024710196035879
AML.L,2025-09-24,81.0,80.3499984741211,81.25,77.75,1170967,-0.8024710196035879
AML.L,2025-09-25,80.30000305175781,79.3499984741211,82.4000015258789,79.05000305175781,613715,-1.183069167537127
AML.L,2025-09-25,80.30000305175781,79.3499984741211,82.4000015258789,79.05000305175781,613715,-1.183069167537127
AML.L,2025-09-26,79.0,80.94999694824219,82.3499984741211,79.0,563019,2.468350567395174
AML.L,2025-09-26,79.0,80.94999694824219,82.3499984741211,79.0,563019,2.468350567395174
AML.L,2025-09-29,81.25,83.0,86.0,80.44999694824219,3070278,2.1538461538461537
AML.L,2025-09-29,81.25,83.0,86.0,80.44999694824219,3070278,2.1538461538461537
AML.L,2025-09-30,83.4000015258789,82.4000015258789,84.8499984741211,81.30000305175781,1035010,-1.1990407454485494
AML.L,2025-09-30,83.4000015258789,82.4000015258789,84.8499984741211,81.30000305175781,1035010,-1.1990407454485494
AML.L,2025-10-01,82.0,81.5,83.30000305175781,80.1500015258789,951806,-0.6097560975609756
AML.L,2025-10-01,82.0,81.5,83.30000305175781,80.1500015258789,951806,-0.6097560975609756
AML.L,2025-10-02,81.5,85.94999694824219,86.4000015258789,81.5,1563745,5.460118954898389
AML.L,2025-10-02,81.5,85.94999694824219,86.4000015258789,81.5,1563745,5.460118954898389
AML.L,2025-10-03,86.4000015258789,81.30000305175781,86.80000305175781,80.0999984741211,1857002,-5.902775907467455
AML.L,2025-10-03,86.4000015258789,81.30000305175781,86.80000305175781,80.0999984741211,1857002,-5.902775907467455
AML.L,2025-10-06,75.75,73.0999984741211,77.94999694824219,71.94999694824219,4585941,-3.498351849345091
AML.L,2025-10-06,75.75,73.0999984741211,77.94999694824219,71.94999694824219,4585941,-3.498351849345091
AML.L,2025-10-07,74.75,70.5,74.875,70.30000305175781,2660335,-5.68561872909699
AML.L,2025-10-07,74.75,70.5,74.875,70.30000305175781,2660335,-5.68561872909699
AML.L,2025-10-08,70.5,67.0,73.80000305175781,67.0,4693140,-4.964539007092199
AML.L,2025-10-08,70.5,67.0,73.80000305175781,67.0,4693140,-4.964539007092199
AML.L,2025-10-09,66.55000305175781,58.54999923706055,67.5999984741211,58.5,9381274,-12.021041995257969
AML.L,2025-10-09,66.55000305175781,58.54999923706055,67.5999984741211,58.5,9381274,-12.021041995257969
AML.L,2025-10-10,59.599998474121094,59.650001525878906,62.45000076293945,58.54999923706055,5836458,0.08389773999662822
AML.L,2025-10-10,59.599998474121094,59.650001525878906,62.45000076293945,58.54999923706055,5836458,0.08389773999662822
AML.L,2025-10-13,60.099998474121094,64.55000305175781,64.55000305175781,60.099998474121094,2934917,7.404333927816786
AML.L,2025-10-13,60.099998474121094,64.55000305175781,64.55000305175781,60.099998474121094,2934917,7.404333927816786
AML.L,2025-10-14,63.599998474121094,63.5,64.44999694824219,62.95000076293945,1518708,-0.1572303089940847
AML.L,2025-10-14,63.599998474121094,63.5,64.44999694824219,62.95000076293945,1518708,-0.1572303089940847
AML.L,2025-10-15,63.849998474121094,62.95000076293945,65.4000015258789,62.150001525878906,1493880,-1.4095500903518685
AML.L,2025-10-15,63.849998474121094,62.95000076293945,65.4000015258789,62.150001525878906,1493880,-1.4095500903518685
AML.L,2025-10-16,62.54999923706055,65.6500015258789,66.19999694824219,62.54999923706055,1634489,4.956038891494701
AML.L,2025-10-16,62.54999923706055,65.6500015258789,66.19999694824219,62.54999923706055,1634489,4.956038891494701
AML.L,2025-10-17,66.0,63.849998474121094,66.0,62.79999923706055,1057337,-3.257578069513494
AML.L,2025-10-17,66.0,63.849998474121094,66.0,62.79999923706055,1057337,-3.257578069513494
AML.L,2025-10-20,64.6500015258789,63.79999923706055,66.0,63.29999923706055,1833242,-1.3147753577053047
AML.L,2025-10-20,64.6500015258789,63.79999923706055,66.0,63.29999923706055,1833242,-1.3147753577053047
AML.L,2025-10-21,62.29999923706055,62.75,64.19999694824219,62.0,943554,0.7223126299362137
AML.L,2025-10-21,62.29999923706055,62.75,64.19999694824219,62.0,943554,0.7223126299362137
AML.L,2025-10-22,62.0,63.45000076293945,64.5,61.5,1353835,2.3387109079668598
AML.L,2025-10-22,62.0,63.45000076293945,64.5,61.5,1353835,2.3387109079668598
AML.L,2025-10-23,65.0,63.349998474121094,65.5999984741211,62.45000076293945,1097586,-2.538463885967548
AML.L,2025-10-23,65.0,63.349998474121094,65.5999984741211,62.45000076293945,1097586,-2.538463885967548
AML.L,2025-10-24,63.349998474121094,64.55000305175781,64.94999694824219,62.70000076293945,1153403,1.8942456298983632
AML.L,2025-10-24,63.349998474121094,64.55000305175781,64.94999694824219,62.70000076293945,1153403,1.8942456298983632
AML.L,2025-10-27,64.5999984741211,63.79999923706055,65.0999984741211,63.5,1201270,-1.2383889411096942
AML.L,2025-10-27,64.5999984741211,63.79999923706055,65.0999984741211,63.5,1201270,-1.2383889411096942
AML.L,2025-10-28,64.0,65.0999984741211,66.5999984741211,63.650001525878906,1548535,1.718747615814209
AML.L,2025-10-28,64.0,65.0999984741211,66.5999984741211,63.650001525878906,1548535,1.718747615814209
AML.L,2025-10-29,63.70000076293945,64.3499984741211,68.0,59.79999923706055,4229146,1.0204045579224046
AML.L,2025-10-29,63.70000076293945,64.3499984741211,68.0,59.79999923706055,4229146,1.0204045579224046
AML.L,2025-10-30,63.79999923706055,64.0,64.25,61.0,3189269,0.31348082340301253
AML.L,2025-10-30,63.79999923706055,64.0,64.25,61.0,3189269,0.31348082340301253
AML.L,2025-10-31,64.05000305175781,62.95000076293945,64.1500015258789,62.0,1137168,-1.717411766443578
AML.L,2025-10-31,64.05000305175781,62.95000076293945,64.1500015258789,62.0,1137168,-1.717411766443578
AML.L,2025-11-03,63.04999923706055,62.0,65.0,62.0,1604770,-1.665343774410962
AML.L,2025-11-03,63.04999923706055,62.0,65.0,62.0,1604770,-1.665343774410962
AML.L,2025-11-04,62.0,58.400001525878906,65.55000305175781,58.400001525878906,3692652,-5.8064491518082155
AML.L,2025-11-04,62.0,58.400001525878906,65.55000305175781,58.400001525878906,3692652,-5.8064491518082155
AML.L,2025-11-05,60.0,61.70000076293945,61.849998474121094,58.0,2020125,2.833334604899089
AML.L,2025-11-05,60.0,61.70000076293945,61.849998474121094,58.0,2020125,2.833334604899089
AML.L,2025-11-06,61.0,59.75,62.0,59.20000076293945,1092154,-2.0491803278688523
AML.L,2025-11-06,61.0,59.75,62.0,59.20000076293945,1092154,-2.0491803278688523
AML.L,2025-11-07,59.849998474121094,59.25,61.95000076293945,58.75,957479,-1.0025037417177725
AML.L,2025-11-07,59.849998474121094,59.25,61.95000076293945,58.75,957479,-1.0025037417177725
AML.L,2025-11-10,60.5,60.0,62.0,59.5,618927,-0.8264462809917356
AML.L,2025-11-10,60.5,60.0,62.0,59.5,618927,-0.8264462809917356
AML.L,2025-11-11,60.20000076293945,60.0,62.400001525878906,59.04999923706055,1222343,-0.33222717675209457
AML.L,2025-11-11,60.20000076293945,60.0,62.400001525878906,59.04999923706055,1222343,-0.33222717675209457
AML.L,2025-11-12,60.599998474121094,59.849998474121094,60.650001525878906,59.20000076293945,1440229,-1.2376237935390106
AML.L,2025-11-12,60.599998474121094,59.849998474121094,60.650001525878906,59.20000076293945,1440229,-1.2376237935390106
AML.L,2025-11-13,60.0,59.79999923706055,60.5,58.650001525878906,1132618,-0.33333460489908856
AML.L,2025-11-13,60.0,59.79999923706055,60.5,58.650001525878906,1132618,-0.33333460489908856
AML.L,2025-11-14,59.0,59.349998474121094,63.650001525878906,59.0,3499817,0.5932177527476166
AML.L,2025-11-14,59.0,59.349998474121094,63.650001525878906,59.0,3499817,0.5932177527476166
AML.L,2025-11-17,59.150001525878906,60.20000076293945,61.20000076293945,59.0,1407215,1.7751465933625687
AML.L,2025-11-17,59.150001525878906,60.20000076293945,61.20000076293945,59.0,1407215,1.7751465933625687
AML.L,2025-11-18,59.0,59.70000076293945,59.70000076293945,57.20000076293945,1994993,1.1864419710838188
AML.L,2025-11-18,59.0,59.70000076293945,59.70000076293945,57.20000076293945,1994993,1.1864419710838188
AML.L,2025-11-19,57.400001525878906,59.79999923706055,60.599998474121094,57.400001525878906,844576,4.181180570351722
AML.L,2025-11-19,57.400001525878906,59.79999923706055,60.599998474121094,57.400001525878906,844576,4.181180570351722
AML.L,2025-11-20,61.20000076293945,59.70000076293945,61.20000076293945,58.5,643188,-2.4509803616021304
AML.L,2025-11-20,61.20000076293945,59.70000076293945,61.20000076293945,58.5,643188,-2.4509803616021304
AML.L,2025-11-21,58.0,61.599998474121094,62.25,58.0,2526113,6.2068939208984375
AML.L,2025-11-21,58.0,61.599998474121094,62.25,58.0,2526113,6.2068939208984375
AML.L,2025-11-24,64.0,62.650001525878906,64.0,60.45000076293945,1789520,-2.109372615814209
AML.L,2025-11-24,64.0,62.650001525878906,64.0,60.45000076293945,1789520,-2.109372615814209
AML.L,2025-11-25,63.5,60.099998474121094,63.5,59.099998474121094,1545142,-5.354333111620325
AML.L,2025-11-25,63.5,60.099998474121094,63.5,59.099998474121094,1545142,-5.354333111620325
AML.L,2025-11-26,60.5,60.29999923706055,61.900001525878906,57.75,2572839,-0.33057977345364153
AML.L,2025-11-26,60.5,60.29999923706055,61.900001525878906,57.75,2572839,-0.33057977345364153
AML.L,2025-11-27,61.900001525878906,62.650001525878906,63.20000076293945,60.54999923706055,2145183,1.2116316341065727
AML.L,2025-11-27,61.900001525878906,62.650001525878906,63.20000076293945,60.54999923706055,2145183,1.2116316341065727
AML.L,2025-11-28,63.5,63.75,64.1500015258789,62.29999923706055,1380206,0.39370078740157477
AML.L,2025-11-28,63.5,63.75,64.1500015258789,62.29999923706055,1380206,0.39370078740157477
AML.L,2025-12-01,63.95000076293945,63.70000076293945,64.94999694824219,63.0,1269052,-0.39093040972234194
AML.L,2025-12-01,63.95000076293945,63.70000076293945,64.94999694824219,63.0,1269052,-0.39093040972234194
AML.L,2025-12-02,64.80000305175781,63.099998474121094,64.80000305175781,62.04999923706055,1080058,-2.623463730825555
AML.L,2025-12-02,64.80000305175781,63.099998474121094,64.80000305175781,62.04999923706055,1080058,-2.623463730825555
AML.L,2025-12-03,62.400001525878906,64.1500015258789,64.5,62.349998474121094,1307386,2.80448711090853
AML.L,2025-12-03,62.400001525878906,64.1500015258789,64.5,62.349998474121094,1307386,2.80448711090853
AML.L,2025-12-04,64.80000305175781,64.19999694824219,67.46299743652344,64.05000305175781,1756083,-0.9259353013245711
AML.L,2025-12-04,64.80000305175781,64.19999694824219,67.46299743652344,64.05000305175781,1756083,-0.9259353013245711
AML.L,2025-12-05,65.0,65.44999694824219,65.69999694824219,64.54000091552734,1203550,0.692302997295673
AML.L,2025-12-05,65.0,65.44999694824219,65.69999694824219,64.54000091552734,1203550,0.692302997295673
AML.L,2025-12-08,65.0,64.30000305175781,65.75,63.150001525878906,1183846,-1.0769183819110577
AML.L,2025-12-08,65.0,64.30000305175781,65.75,63.150001525878906,1183846,-1.0769183819110577
AML.L,2025-12-09,64.5999984741211,64.0,64.5999984741211,62.54499816894531,1109409,-0.9287902295562043
AML.L,2025-12-09,64.5999984741211,64.0,64.5999984741211,62.54499816894531,1109409,-0.9287902295562043
AML.L,2025-12-10,64.5999984741211,63.849998474121094,64.5999984741211,63.0,831573,-1.1609907394973882
AML.L,2025-12-10,64.5999984741211,63.849998474121094,64.5999984741211,63.0,831573,-1.1609907394973882
AML.L,2025-12-11,63.0,63.650001525878906,64.05000305175781,62.29999923706055,722821,1.0317484537760415
AML.L,2025-12-11,63.0,63.650001525878906,64.05000305175781,62.29999923706055,722821,1.0317484537760415
AML.L,2025-12-12,62.0,62.45000076293945,64.6500015258789,62.0,1162622,0.7258076821604083
AML.L,2025-12-12,62.0,62.45000076293945,64.6500015258789,62.0,1162622,0.7258076821604083
AML.L,2025-12-15,62.0,62.79999923706055,63.95000076293945,61.79999923706055,880507,1.2903213500976562
AML.L,2025-12-15,62.0,62.79999923706055,63.95000076293945,61.79999923706055,880507,1.2903213500976562
AML.L,2025-12-16,62.70000076293945,63.400001525878906,64.5,61.25,904428,1.1164286354414332
AML.L,2025-12-16,62.70000076293945,63.400001525878906,64.5,61.25,904428,1.1164286354414332
AML.L,2025-12-17,65.0,63.25,65.0,61.400001525878906,986117,-2.6923076923076925
AML.L,2025-12-17,65.0,63.25,65.0,61.400001525878906,986117,-2.6923076923076925
AML.L,2025-12-18,61.849998474121094,62.650001525878906,63.900001525878906,61.25,1410214,1.293456865795308
AML.L,2025-12-18,61.849998474121094,62.650001525878906,63.900001525878906,61.25,1410214,1.293456865795308
AML.L,2025-12-19,61.5,61.95000076293945,63.95000076293945,61.5,886807,0.7317085576251271
AML.L,2025-12-19,61.5,61.95000076293945,63.95000076293945,61.5,886807,0.7317085576251271
AML.L,2025-12-22,61.5,63.849998474121094,64.3499984741211,61.5,1042734,3.821135730278201
AML.L,2025-12-22,61.5,63.849998474121094,64.3499984741211,61.5,1042734,3.821135730278201
AML.L,2025-12-23,63.0,62.150001525878906,63.849998474121094,62.0,771922,-1.3492039271763392
AML.L,2025-12-23,63.0,62.150001525878906,63.849998474121094,62.0,771922,-1.3492039271763392
AML.L,2025-12-24,61.5,61.75,62.95000076293945,61.5,520381,0.40650406504065045
AML.L,2025-12-24,61.5,61.75,62.95000076293945,61.5,520381,0.40650406504065045
AML.L,2025-12-29,61.79999923706055,63.349998474121094,63.900001525878906,61.79999923706055,1092869,2.5080894113199848
AML.L,2025-12-29,61.79999923706055,63.349998474121094,63.900001525878906,61.79999923706055,1092869,2.5080894113199848
AML.L,2025-12-30,63.099998474121094,63.70000076293945,63.900001525878906,62.54999923706055,768723,0.9508752826110377
AML.L,2025-12-30,63.099998474121094,63.70000076293945,63.900001525878906,62.54999923706055,768723,0.9508752826110377
AML.L,2025-12-31,63.599998474121094,63.54999923706055,63.599998474121094,62.0,506138,-0.07861515449704234
AML.L,2025-12-31,63.599998474121094,63.54999923706055,63.599998474121094,62.0,506138,-0.07861515449704234
AML.L,2026-01-02,64.3499984741211,64.55000305175781,65.6500015258789,63.150001525878906,1820512,0.31080743182480775
AML.L,2026-01-02,64.3499984741211,64.55000305175781,65.6500015258789,63.150001525878906,1820512,0.31080743182480775
AML.L,2026-01-05,65.4000015258789,64.6500015258789,65.5999984741211,61.70000076293945,2114940,-1.1467889640694022
AML.L,2026-01-05,65.4000015258789,64.6500015258789,65.5999984741211,61.70000076293945,2114940,-1.1467889640694022
AML.L,2026-01-06,65.19999694824219,62.79999923706055,65.19999694824219,62.79999923706055,864598,-3.68097825692666
AML.L,2026-01-06,65.19999694824219,62.79999923706055,65.19999694824219,62.79999923706055,864598,-3.68097825692666
AML.L,2026-01-07,65.0,64.80000305175781,65.0,61.70000076293945,1998017,-0.3076876126802885
AML.L,2026-01-07,65.0,64.80000305175781,65.0,61.70000076293945,1998017,-0.3076876126802885
AML.L,2026-01-08,64.4000015258789,64.80000305175781,65.94999694824219,62.95000076293945,897158,0.6211203670828596
AML.L,2026-01-08,64.4000015258789,64.80000305175781,65.94999694824219,62.95000076293945,897158,0.6211203670828596
AML.L,2026-01-09,65.19999694824219,62.70000076293945,65.75,62.0,2566847,-3.8343501569291636
AML.L,2026-01-09,65.19999694824219,62.70000076293945,65.75,62.0,2566847,-3.8343501569291636
